-- MySQL dump 10.13  Distrib 8.0.12, for osx10.13 (x86_64)
--
-- Host: localhost    Database: wordbook_db_backup
-- ------------------------------------------------------
-- Server version	8.0.12

/*!40101 SET @OLD_CHARACTER_SET_CLIENT=@@CHARACTER_SET_CLIENT */;
/*!40101 SET @OLD_CHARACTER_SET_RESULTS=@@CHARACTER_SET_RESULTS */;
/*!40101 SET @OLD_COLLATION_CONNECTION=@@COLLATION_CONNECTION */;
 SET NAMES utf8mb4 ;
/*!40103 SET @OLD_TIME_ZONE=@@TIME_ZONE */;
/*!40103 SET TIME_ZONE='+00:00' */;
/*!40014 SET @OLD_UNIQUE_CHECKS=@@UNIQUE_CHECKS, UNIQUE_CHECKS=0 */;
/*!40014 SET @OLD_FOREIGN_KEY_CHECKS=@@FOREIGN_KEY_CHECKS, FOREIGN_KEY_CHECKS=0 */;
/*!40101 SET @OLD_SQL_MODE=@@SQL_MODE, SQL_MODE='NO_AUTO_VALUE_ON_ZERO' */;
/*!40111 SET @OLD_SQL_NOTES=@@SQL_NOTES, SQL_NOTES=0 */;

--
-- Table structure for table `auth_group`
--

DROP TABLE IF EXISTS `auth_group`;
/*!40101 SET @saved_cs_client     = @@character_set_client */;
 SET character_set_client = utf8mb4 ;
CREATE TABLE `auth_group` (
  `id` int(11) NOT NULL AUTO_INCREMENT,
  `name` varchar(80) NOT NULL,
  PRIMARY KEY (`id`),
  UNIQUE KEY `name` (`name`)
) ENGINE=InnoDB DEFAULT CHARSET=utf8;
/*!40101 SET character_set_client = @saved_cs_client */;

--
-- Dumping data for table `auth_group`
--

LOCK TABLES `auth_group` WRITE;
/*!40000 ALTER TABLE `auth_group` DISABLE KEYS */;
/*!40000 ALTER TABLE `auth_group` ENABLE KEYS */;
UNLOCK TABLES;

--
-- Table structure for table `auth_group_permissions`
--

DROP TABLE IF EXISTS `auth_group_permissions`;
/*!40101 SET @saved_cs_client     = @@character_set_client */;
 SET character_set_client = utf8mb4 ;
CREATE TABLE `auth_group_permissions` (
  `id` int(11) NOT NULL AUTO_INCREMENT,
  `group_id` int(11) NOT NULL,
  `permission_id` int(11) NOT NULL,
  PRIMARY KEY (`id`),
  UNIQUE KEY `auth_group_permissions_group_id_permission_id_0cd325b0_uniq` (`group_id`,`permission_id`),
  KEY `auth_group_permissio_permission_id_84c5c92e_fk_auth_perm` (`permission_id`),
  CONSTRAINT `auth_group_permissio_permission_id_84c5c92e_fk_auth_perm` FOREIGN KEY (`permission_id`) REFERENCES `auth_permission` (`id`),
  CONSTRAINT `auth_group_permissions_group_id_b120cbf9_fk_auth_group_id` FOREIGN KEY (`group_id`) REFERENCES `auth_group` (`id`)
) ENGINE=InnoDB DEFAULT CHARSET=utf8;
/*!40101 SET character_set_client = @saved_cs_client */;

--
-- Dumping data for table `auth_group_permissions`
--

LOCK TABLES `auth_group_permissions` WRITE;
/*!40000 ALTER TABLE `auth_group_permissions` DISABLE KEYS */;
/*!40000 ALTER TABLE `auth_group_permissions` ENABLE KEYS */;
UNLOCK TABLES;

--
-- Table structure for table `auth_permission`
--

DROP TABLE IF EXISTS `auth_permission`;
/*!40101 SET @saved_cs_client     = @@character_set_client */;
 SET character_set_client = utf8mb4 ;
CREATE TABLE `auth_permission` (
  `id` int(11) NOT NULL AUTO_INCREMENT,
  `name` varchar(255) NOT NULL,
  `content_type_id` int(11) NOT NULL,
  `codename` varchar(100) NOT NULL,
  PRIMARY KEY (`id`),
  UNIQUE KEY `auth_permission_content_type_id_codename_01ab375a_uniq` (`content_type_id`,`codename`),
  CONSTRAINT `auth_permission_content_type_id_2f476e4b_fk_django_co` FOREIGN KEY (`content_type_id`) REFERENCES `django_content_type` (`id`)
) ENGINE=InnoDB AUTO_INCREMENT=33 DEFAULT CHARSET=utf8;
/*!40101 SET character_set_client = @saved_cs_client */;

--
-- Dumping data for table `auth_permission`
--

LOCK TABLES `auth_permission` WRITE;
/*!40000 ALTER TABLE `auth_permission` DISABLE KEYS */;
INSERT INTO `auth_permission` VALUES (1,'Can add log entry',1,'add_logentry'),(2,'Can change log entry',1,'change_logentry'),(3,'Can delete log entry',1,'delete_logentry'),(4,'Can view log entry',1,'view_logentry'),(5,'Can add permission',2,'add_permission'),(6,'Can change permission',2,'change_permission'),(7,'Can delete permission',2,'delete_permission'),(8,'Can view permission',2,'view_permission'),(9,'Can add group',3,'add_group'),(10,'Can change group',3,'change_group'),(11,'Can delete group',3,'delete_group'),(12,'Can view group',3,'view_group'),(13,'Can add content type',4,'add_contenttype'),(14,'Can change content type',4,'change_contenttype'),(15,'Can delete content type',4,'delete_contenttype'),(16,'Can view content type',4,'view_contenttype'),(17,'Can add session',5,'add_session'),(18,'Can change session',5,'change_session'),(19,'Can delete session',5,'delete_session'),(20,'Can view session',5,'view_session'),(21,'Can add user manager',6,'add_usermanager'),(22,'Can change user manager',6,'change_usermanager'),(23,'Can delete user manager',6,'delete_usermanager'),(24,'Can view user manager',6,'view_usermanager'),(25,'Can add word',7,'add_word'),(26,'Can change word',7,'change_word'),(27,'Can delete word',7,'delete_word'),(28,'Can view word',7,'view_word'),(29,'Can add wordbook',8,'add_wordbook'),(30,'Can change wordbook',8,'change_wordbook'),(31,'Can delete wordbook',8,'delete_wordbook'),(32,'Can view wordbook',8,'view_wordbook');
/*!40000 ALTER TABLE `auth_permission` ENABLE KEYS */;
UNLOCK TABLES;

--
-- Table structure for table `django_admin_log`
--

DROP TABLE IF EXISTS `django_admin_log`;
/*!40101 SET @saved_cs_client     = @@character_set_client */;
 SET character_set_client = utf8mb4 ;
CREATE TABLE `django_admin_log` (
  `id` int(11) NOT NULL AUTO_INCREMENT,
  `action_time` datetime(6) NOT NULL,
  `object_id` longtext,
  `object_repr` varchar(200) NOT NULL,
  `action_flag` smallint(5) unsigned NOT NULL,
  `change_message` longtext NOT NULL,
  `content_type_id` int(11) DEFAULT NULL,
  `user_id` int(11) NOT NULL,
  PRIMARY KEY (`id`),
  KEY `django_admin_log_content_type_id_c4bce8eb_fk_django_co` (`content_type_id`),
  KEY `django_admin_log_user_id_c564eba6_fk_usermanager_user_id` (`user_id`),
  CONSTRAINT `django_admin_log_content_type_id_c4bce8eb_fk_django_co` FOREIGN KEY (`content_type_id`) REFERENCES `django_content_type` (`id`),
  CONSTRAINT `django_admin_log_user_id_c564eba6_fk_usermanager_user_id` FOREIGN KEY (`user_id`) REFERENCES `usermanager` (`user_id`)
) ENGINE=InnoDB DEFAULT CHARSET=utf8;
/*!40101 SET character_set_client = @saved_cs_client */;

--
-- Dumping data for table `django_admin_log`
--

LOCK TABLES `django_admin_log` WRITE;
/*!40000 ALTER TABLE `django_admin_log` DISABLE KEYS */;
/*!40000 ALTER TABLE `django_admin_log` ENABLE KEYS */;
UNLOCK TABLES;

--
-- Table structure for table `django_content_type`
--

DROP TABLE IF EXISTS `django_content_type`;
/*!40101 SET @saved_cs_client     = @@character_set_client */;
 SET character_set_client = utf8mb4 ;
CREATE TABLE `django_content_type` (
  `id` int(11) NOT NULL AUTO_INCREMENT,
  `app_label` varchar(100) NOT NULL,
  `model` varchar(100) NOT NULL,
  PRIMARY KEY (`id`),
  UNIQUE KEY `django_content_type_app_label_model_76bd3d3b_uniq` (`app_label`,`model`)
) ENGINE=InnoDB AUTO_INCREMENT=9 DEFAULT CHARSET=utf8;
/*!40101 SET character_set_client = @saved_cs_client */;

--
-- Dumping data for table `django_content_type`
--

LOCK TABLES `django_content_type` WRITE;
/*!40000 ALTER TABLE `django_content_type` DISABLE KEYS */;
INSERT INTO `django_content_type` VALUES (6,'accounts','usermanager'),(1,'admin','logentry'),(3,'auth','group'),(2,'auth','permission'),(4,'contenttypes','contenttype'),(5,'sessions','session'),(7,'wordbook','word'),(8,'wordbook','wordbook');
/*!40000 ALTER TABLE `django_content_type` ENABLE KEYS */;
UNLOCK TABLES;

--
-- Table structure for table `django_migrations`
--

DROP TABLE IF EXISTS `django_migrations`;
/*!40101 SET @saved_cs_client     = @@character_set_client */;
 SET character_set_client = utf8mb4 ;
CREATE TABLE `django_migrations` (
  `id` int(11) NOT NULL AUTO_INCREMENT,
  `app` varchar(255) NOT NULL,
  `name` varchar(255) NOT NULL,
  `applied` datetime(6) NOT NULL,
  PRIMARY KEY (`id`)
) ENGINE=InnoDB AUTO_INCREMENT=21 DEFAULT CHARSET=utf8;
/*!40101 SET character_set_client = @saved_cs_client */;

--
-- Dumping data for table `django_migrations`
--

LOCK TABLES `django_migrations` WRITE;
/*!40000 ALTER TABLE `django_migrations` DISABLE KEYS */;
INSERT INTO `django_migrations` VALUES (1,'contenttypes','0001_initial','2018-11-08 07:07:33.306929'),(2,'contenttypes','0002_remove_content_type_name','2018-11-08 07:07:33.336022'),(3,'auth','0001_initial','2018-11-08 07:07:33.426635'),(4,'auth','0002_alter_permission_name_max_length','2018-11-08 07:07:33.446989'),(5,'auth','0003_alter_user_email_max_length','2018-11-08 07:07:33.453177'),(6,'auth','0004_alter_user_username_opts','2018-11-08 07:07:33.460055'),(7,'auth','0005_alter_user_last_login_null','2018-11-08 07:07:33.466708'),(8,'auth','0006_require_contenttypes_0002','2018-11-08 07:07:33.470558'),(9,'auth','0007_alter_validators_add_error_messages','2018-11-08 07:07:33.476811'),(10,'auth','0008_alter_user_username_max_length','2018-11-08 07:07:33.483060'),(11,'auth','0009_alter_user_last_name_max_length','2018-11-08 07:07:33.488935'),(12,'accounts','0001_initial','2018-11-08 07:07:33.601061'),(13,'admin','0001_initial','2018-11-08 07:07:33.656512'),(14,'admin','0002_logentry_remove_auto_add','2018-11-08 07:07:33.666050'),(15,'admin','0003_logentry_add_action_flag_choices','2018-11-08 07:07:33.675498'),(16,'admin','0004_auto_20181015_1032','2018-11-08 07:07:33.744966'),(17,'admin','0005_auto_20181015_1032','2018-11-08 07:07:33.793385'),(18,'sessions','0001_initial','2018-11-08 07:07:33.811359'),(19,'wordbook','0001_initial','2018-11-08 07:07:33.872501'),(20,'wordbook','0002_wordbook_understanding_level','2018-11-10 08:50:31.500190');
/*!40000 ALTER TABLE `django_migrations` ENABLE KEYS */;
UNLOCK TABLES;

--
-- Table structure for table `django_session`
--

DROP TABLE IF EXISTS `django_session`;
/*!40101 SET @saved_cs_client     = @@character_set_client */;
 SET character_set_client = utf8mb4 ;
CREATE TABLE `django_session` (
  `session_key` varchar(40) NOT NULL,
  `session_data` longtext NOT NULL,
  `expire_date` datetime(6) NOT NULL,
  PRIMARY KEY (`session_key`),
  KEY `django_session_expire_date_a5c62663` (`expire_date`)
) ENGINE=InnoDB DEFAULT CHARSET=utf8;
/*!40101 SET character_set_client = @saved_cs_client */;

--
-- Dumping data for table `django_session`
--

LOCK TABLES `django_session` WRITE;
/*!40000 ALTER TABLE `django_session` DISABLE KEYS */;
INSERT INTO `django_session` VALUES ('jgm5josld2tz5djexmbzue565yytuqu2','ZTQ3ODVjZTE3ZDYzYjA3NjU3NDg5ZjczNDdmMjQwMTEyMWQzMjJhMzp7Il9hdXRoX3VzZXJfaWQiOiIxIiwiX2F1dGhfdXNlcl9iYWNrZW5kIjoiZGphbmdvLmNvbnRyaWIuYXV0aC5iYWNrZW5kcy5Nb2RlbEJhY2tlbmQiLCJfYXV0aF91c2VyX2hhc2giOiIzNmUzN2U1NmJhYTlhZTdkYjI3ZGRjMjk3YjcyNTFkMjAwMWNlNmVhIn0=','2018-11-25 14:03:27.502987');
/*!40000 ALTER TABLE `django_session` ENABLE KEYS */;
UNLOCK TABLES;

--
-- Table structure for table `usermanager`
--

DROP TABLE IF EXISTS `usermanager`;
/*!40101 SET @saved_cs_client     = @@character_set_client */;
 SET character_set_client = utf8mb4 ;
CREATE TABLE `usermanager` (
  `last_login` datetime(6) DEFAULT NULL,
  `is_superuser` tinyint(1) NOT NULL,
  `first_name` varchar(30) NOT NULL,
  `last_name` varchar(150) NOT NULL,
  `is_staff` tinyint(1) NOT NULL,
  `date_joined` datetime(6) NOT NULL,
  `user_id` int(11) NOT NULL AUTO_INCREMENT,
  `username` varchar(255) NOT NULL,
  `email` varchar(254) NOT NULL,
  `password` varchar(255) NOT NULL,
  `is_active` tinyint(1) NOT NULL,
  `created_at` datetime(6) NOT NULL,
  PRIMARY KEY (`user_id`),
  UNIQUE KEY `username` (`username`),
  UNIQUE KEY `email` (`email`)
) ENGINE=InnoDB AUTO_INCREMENT=4 DEFAULT CHARSET=utf8;
/*!40101 SET character_set_client = @saved_cs_client */;

--
-- Dumping data for table `usermanager`
--

LOCK TABLES `usermanager` WRITE;
/*!40000 ALTER TABLE `usermanager` DISABLE KEYS */;
INSERT INTO `usermanager` VALUES ('2018-11-11 14:03:27.484766',1,'','',1,'2018-11-08 07:14:27.636486',1,'kei','kei@example.com','pbkdf2_sha256$120000$yTh3rtA2636Z$1a8RTVNCb4kNknKavTKV8Q1/U1wf9g0hQAqCr4mCPDk=',1,'2018-11-08 07:14:27.739593'),('2018-11-09 08:18:28.464392',0,'','',0,'2018-11-08 09:28:45.125388',2,'first','first@example.com','pbkdf2_sha256$120000$oDJOyiN4ug4e$3LBmihuXiy7es8snUurePzO4bNPsbS5AqZCsNw+jVFg=',1,'2018-11-08 09:28:45.254944'),('2018-11-08 09:31:01.163091',0,'','',0,'2018-11-08 09:30:51.806406',3,'second','second@example.com','pbkdf2_sha256$120000$5dkn5gCJxuDv$ueF0SgzcRUwxHgCJrkbkXQCEePaDTyOORG8yLz1RfBI=',1,'2018-11-08 09:30:51.930117');
/*!40000 ALTER TABLE `usermanager` ENABLE KEYS */;
UNLOCK TABLES;

--
-- Table structure for table `usermanager_groups`
--

DROP TABLE IF EXISTS `usermanager_groups`;
/*!40101 SET @saved_cs_client     = @@character_set_client */;
 SET character_set_client = utf8mb4 ;
CREATE TABLE `usermanager_groups` (
  `id` int(11) NOT NULL AUTO_INCREMENT,
  `usermanager_id` int(11) NOT NULL,
  `group_id` int(11) NOT NULL,
  PRIMARY KEY (`id`),
  UNIQUE KEY `usermanager_groups_usermanager_id_group_id_4c2175e9_uniq` (`usermanager_id`,`group_id`),
  KEY `usermanager_groups_group_id_49a6d1d1_fk_auth_group_id` (`group_id`),
  CONSTRAINT `usermanager_groups_group_id_49a6d1d1_fk_auth_group_id` FOREIGN KEY (`group_id`) REFERENCES `auth_group` (`id`),
  CONSTRAINT `usermanager_groups_usermanager_id_46cc4806_fk_usermanag` FOREIGN KEY (`usermanager_id`) REFERENCES `usermanager` (`user_id`)
) ENGINE=InnoDB DEFAULT CHARSET=utf8;
/*!40101 SET character_set_client = @saved_cs_client */;

--
-- Dumping data for table `usermanager_groups`
--

LOCK TABLES `usermanager_groups` WRITE;
/*!40000 ALTER TABLE `usermanager_groups` DISABLE KEYS */;
/*!40000 ALTER TABLE `usermanager_groups` ENABLE KEYS */;
UNLOCK TABLES;

--
-- Table structure for table `usermanager_user_permissions`
--

DROP TABLE IF EXISTS `usermanager_user_permissions`;
/*!40101 SET @saved_cs_client     = @@character_set_client */;
 SET character_set_client = utf8mb4 ;
CREATE TABLE `usermanager_user_permissions` (
  `id` int(11) NOT NULL AUTO_INCREMENT,
  `usermanager_id` int(11) NOT NULL,
  `permission_id` int(11) NOT NULL,
  PRIMARY KEY (`id`),
  UNIQUE KEY `usermanager_user_permiss_usermanager_id_permissio_b0bb445b_uniq` (`usermanager_id`,`permission_id`),
  KEY `usermanager_user_per_permission_id_70a5f524_fk_auth_perm` (`permission_id`),
  CONSTRAINT `usermanager_user_per_permission_id_70a5f524_fk_auth_perm` FOREIGN KEY (`permission_id`) REFERENCES `auth_permission` (`id`),
  CONSTRAINT `usermanager_user_per_usermanager_id_52e40d64_fk_usermanag` FOREIGN KEY (`usermanager_id`) REFERENCES `usermanager` (`user_id`)
) ENGINE=InnoDB DEFAULT CHARSET=utf8;
/*!40101 SET character_set_client = @saved_cs_client */;

--
-- Dumping data for table `usermanager_user_permissions`
--

LOCK TABLES `usermanager_user_permissions` WRITE;
/*!40000 ALTER TABLE `usermanager_user_permissions` DISABLE KEYS */;
/*!40000 ALTER TABLE `usermanager_user_permissions` ENABLE KEYS */;
UNLOCK TABLES;

--
-- Table structure for table `word`
--

DROP TABLE IF EXISTS `word`;
/*!40101 SET @saved_cs_client     = @@character_set_client */;
 SET character_set_client = utf8mb4 ;
CREATE TABLE `word` (
  `id` int(11) NOT NULL AUTO_INCREMENT,
  `vocab` varchar(255) NOT NULL,
  `vocab_class` varchar(20) NOT NULL,
  `vocab_meaning` longtext NOT NULL,
  PRIMARY KEY (`id`)
) ENGINE=InnoDB AUTO_INCREMENT=5752 DEFAULT CHARSET=utf8;
/*!40101 SET character_set_client = @saved_cs_client */;

--
-- Dumping data for table `word`
--

LOCK TABLES `word` WRITE;
/*!40000 ALTER TABLE `word` DISABLE KEYS */;
INSERT INTO `word` VALUES (1,'a 4th grader','名詞\r','4年生'),(2,'a few','熟語\r','少しの'),(3,'a great deal of -','熟語\r','大量の'),(4,'a host of','熟語\r','多数の、大勢の'),(5,'a hundred -','熟語\r','多数の～'),(6,'a modicum of','熟語\r','少量の'),(7,'able','形容詞\r','才能のある, 有能な'),(8,'about','前置詞\r','～について'),(9,'act','動詞\r','行動する，を演じる'),(10,'accent','名詞\r','アクセント、強調'),(11,'accept','動詞\r','受け入れる、認める'),(12,'accordingly','副詞\r','それに応じて; それ故'),(13,'account','名詞\r','計算、記述'),(14,'accoutrement','名詞\r','装飾具'),(15,'accuracy','名詞\r','正確さ'),(16,'ache','名詞\r','痛み'),(17,'acknowledge','動詞\r','認める'),(18,'across','動詞\r','横切る'),(19,'address','動詞\r','挨拶する、提出・言及する'),(20,'adhere to','熟語\r','～に固執する'),(21,'adjective','/\r','形容詞'),(22,'admission','名詞\r','入場、許可、承認'),(23,'admix','動詞\r','混合する'),(24,'advance','動詞\r','進める; 昇進させる; （時期を）早める; 促進［推進］する'),(25,'advertisement','名詞\r','広告'),(26,'afraid','形容詞\r','恐れて'),(27,'affect','動詞\r','影響する、振りをする'),(28,'after','接続詞\r','～の後に'),(29,'again','副詞\r','再び'),(30,'age','名詞\r','年令，老齢，時代'),(31,'ago','前置詞\r','以前に、前に'),(32,'agree','動詞\r','同意する、意見が一致する'),(33,'alarm','名詞\r','驚き、警告'),(34,'all','形容詞\r','全ての'),(35,'alongside','副詞\r','並んで'),(36,'already','副詞\r','すでに'),(37,'also','副詞\r','～も,又'),(38,'alter','動詞\r','かえる'),(39,'always','副詞\r','いつも'),(40,'amuse','動詞\r','楽しませる'),(41,'anatomically','副詞\r','解剖学的に'),(42,'ancient','形容詞\r','古代の'),(43,'ancestor','名詞\r','祖先、先祖'),(44,'and so forth','熟語\r','など'),(45,'animal','名詞\r','動物'),(46,'ankle','名詞\r','足首'),(47,'announce','動詞\r','知らせる、示す、発表する'),(48,'another','形容詞\r','他の'),(49,'answer','動詞\r','答える'),(50,'apparatus','名詞\r','器具、装置'),(51,'appeal','動詞\r','アピールする、訴える'),(52,'appreciation','名詞\r','感謝'),(53,'appropriation','名詞\r','占有'),(54,'approve','動詞\r','是認する'),(55,'april','名詞\r','四月'),(56,'arm','名詞\r','腕'),(57,'arrival','名詞\r','到着'),(58,'article','名詞\r','記事、品物、冠詞'),(59,'artifactual','形容詞\r','人工的な、人工物の'),(60,'as regards -','熟語\r','～に関しては'),(61,'ask','動詞\r','聞く、尋ねる'),(62,'aspect','名詞\r','様相、見方、見地'),(63,'assent','動詞\r','同意する'),(64,'assume','動詞\r','任務を引き受ける、～と考える、振りをする'),(65,'at','前置詞\r','ーで/に（場所）、～において'),(66,'at once','副詞\r','すぐに、同時に'),(67,'attach','動詞\r','付ける、とりつける'),(68,'attend','動詞\r','出席する'),(69,'attention','名詞\r','注目'),(70,'attraction','名詞\r','魅力'),(71,'auditorium','名詞\r','講堂'),(72,'auditory','形容詞\r','聴覚の'),(73,'august','名詞\r','八月'),(74,'aunt','名詞\r','叔母'),(75,'avenue','名詞\r','大通り'),(76,'automobile','名詞\r','自動車'),(77,'away','副詞\r','離れて'),(78,'backward','副詞\r','後方へ'),(79,'back','副詞\r','後ろに'),(80,'bad','形容詞\r','悪い'),(81,'bakery','名詞\r','パン屋'),(82,'bald','形容詞\r','はげた'),(83,'ballet','名詞\r','バレエ'),(84,'basis','名詞\r','基礎、論拠、根拠'),(85,'be accustomed to','熟語\r','～に慣れている'),(86,'be apt to do','熟語\r','～しがちである'),(87,'be caught in','熟語\r','雨にあう'),(88,'be composed of','熟語\r','～から構成されている'),(89,'be correlate with','熟語\r','～関連している'),(90,'be different from','熟語\r','～と異なっている'),(91,'be good for','熟語\r','役に立つ'),(92,'be well off','熟語\r','暮らし向きの良い'),(93,'bee','名詞\r','ミツバチ'),(94,'beam','名詞\r','光、光線'),(95,'bear','動詞\r','生む'),(96,'beach','名詞\r','浜，磯'),(97,'beautiful','形容詞\r','美しい'),(98,'because','接続詞\r','～なので'),(99,'become','動詞\r','～になる'),(100,'before','接続詞\r','～の前に'),(101,'begin to','動詞\r','～し始める'),(102,'behalf','名詞\r','利益'),(103,'belong','動詞\r','～に属する'),(104,'beneath','前置詞\r','下方に; すぐ下に; 劣って'),(105,'between','前置詞\r','～の間に'),(106,'big','形容詞\r','大きい'),(107,'bird','名詞\r','鳥'),(108,'blood','名詞\r','血，血気'),(109,'black','形容詞\r','黒い'),(110,'blue','形容詞\r','青い'),(111,'boast','動詞\r','自慢する'),(112,'boat','名詞\r','ボート'),(113,'boil','動詞\r','沸かす,煮る'),(114,'book','名詞\r','本'),(115,'bored','名詞\r','退屈な'),(116,'both A and B','熟語\r','AもBも両方とも'),(117,'bother','動詞\r','悩ます、うざく感じる'),(118,'boundary','名詞\r','境界、限界'),(119,'bow','名詞\r','おじぎ'),(120,'box','名詞\r','箱'),(121,'boy','名詞\r','男の子'),(122,'brave','形容詞\r','勇敢な'),(123,'breath','名詞\r','息，一息，風のそよぎ'),(124,'bread','名詞\r','パン'),(125,'breadth','名詞\r','幅'),(126,'break','動詞\r','～を壊す'),(127,'break off','動詞\r','中断する'),(128,'breakfast','名詞\r','朝食'),(129,'breed','動詞\r','生む'),(130,'bridge','名詞\r','橋'),(131,'bridegroom','名詞\r','新郎さん'),(132,'briefly','副詞\r','簡単に'),(133,'brightly','副詞\r','明るく，あざやかに'),(134,'bring','動詞\r','持ってくる、連れて来る'),(135,'bronze','名詞\r','青銅'),(136,'brother','名詞\r','兄弟'),(137,'bubble','名詞\r','泡'),(138,'build','動詞\r','建てる'),(139,'building','名詞\r','建設物'),(140,'bunch','名詞\r','ふさ、束'),(141,'bundle','動詞\r','包む'),(142,'bus','名詞\r','バス'),(143,'bush','名詞\r','かん木，やぶ'),(144,'busy','形容詞\r','忙しい'),(145,'but','接続詞\r','しかし、が'),(146,'butcher','名詞\r','肉屋'),(147,'buy','動詞\r','買う'),(148,'by accident','熟語\r','偶然に'),(149,'by contrast','熟語\r','対照的に'),(150,'by the way','熟語\r','ところで、その過程において'),(151,'cabin','名詞\r','小屋'),(152,'call','動詞\r','呼ぶ'),(153,'call for','熟語\r','必要とする'),(154,'calm','形容詞\r','穏やかな'),(155,'camp','名詞\r','キャンプ、陣営'),(156,'cannot refrain from -','熟語\r','～せずにはいられない'),(157,'canoe','名詞\r','カヌー'),(158,'cardboard','名詞\r','ボール紙'),(159,'careless','形容詞\r','不注意な'),(160,'carry','動詞\r','運ぶ'),(161,'cast','動詞\r','投げかける、投じる; 投げ［脱ぎ］すてる'),(162,'catch','動詞\r','捕る'),(163,'cause','動詞\r','引き起こす、もたらす'),(164,'ceiling','名詞\r','天井'),(165,'center around -','熟語\r','～に集中する'),(166,'certainly','副詞\r','確かに、きっと'),(167,'chair','名詞\r','椅子'),(168,'chalk','名詞\r','チョーク'),(169,'chamber','名詞\r','部屋'),(170,'charm','名詞\r','魅力'),(171,'cheer','動詞\r','応援する、励ます'),(172,'cheerful','形容詞\r','陽気な，元気のいい'),(173,'cheese','名詞\r','チーズ'),(174,'child','名詞\r','子ども'),(175,'chore','名詞\r','雑用'),(176,'circumstance','名詞\r','状況、事情'),(177,'city','名詞\r','町'),(178,'civic','形容詞\r','市民の、都市の'),(179,'claim','動詞\r','要求する、主張する、占有する'),(180,'class','名詞\r','学級'),(181,'classical','形容詞\r','古典的な'),(182,'clause','名詞\r','箇条, 条項'),(183,'clay','名詞\r','粘土'),(184,'clean','形容詞\r','清潔な'),(185,'climate','名詞\r','気候、地方、風潮'),(186,'cloak','名詞\r','（そでなし）外とう, マント, クローク; 仮面; 口実'),(187,'close','動詞\r','閉じる'),(188,'cloud','名詞\r','雲'),(189,'club','名詞\r','クラブ'),(190,'clue','名詞\r','手がかり、きっかけ、端緒'),(191,'coach','動詞\r','指導する'),(192,'coalesce','動詞\r','合体、連合する'),(193,'coin','名詞\r','貨幣'),(194,'cold','形容詞\r','寒い、冷たい'),(195,'collect','動詞\r','を集める，集まる'),(196,'colleague','名詞\r','同僚'),(197,'college','名詞\r','単科大学'),(198,'collegue','名詞\r','同僚'),(199,'color','名詞\r','色'),(200,'combat','名詞\r','戦闘、戦闘の'),(201,'combination','名詞\r','結合、組み合わせ'),(202,'command','名詞\r','命令'),(203,'come','動詞\r','来る'),(204,'come about','熟語\r','起こる'),(205,'come about -','熟語\r','起こる、生じる'),(206,'come across -','熟語\r','～に出くわす'),(207,'come into contact with -','熟語\r','～と接触する'),(208,'come near -ing','熟語\r','もう少しで～しそうになる'),(209,'commentary','名詞\r','注釈、批評'),(210,'comparison','名詞\r','比較、匹敵、類似'),(211,'compete','動詞\r','競争する'),(212,'compile','動詞\r','編集する'),(213,'complement','名詞\r','補語'),(214,'complete','動詞\r','完成する'),(215,'complex sentence','名詞\r','複文'),(216,'complicate','名詞\r','複雑な'),(217,'compound','名詞\r','混合の、混合物'),(218,'commercial','形容詞\r','商業の，貿易の'),(219,'comprise','動詞\r','構成する'),(220,'computation','名詞\r','計算'),(221,'concede','動詞\r','譲歩する、認める、与える'),(222,'conceit','名詞\r','うぬぼれ'),(223,'conceive','動詞\r','考え、恨みを）抱く; 思いつく［浮べる］, 理解［想像］する ((of)); 思う'),(224,'concentration','名詞\r','集中、濃縮'),(225,'concrete','名詞\r','コンクリート'),(226,'condem','動詞\r','責める、非難する'),(227,'condensed milk','名詞\r','濃縮された牛乳'),(228,'conduct','名詞\r','行為、指揮'),(229,'confer','動詞\r','相談する'),(230,'conference','名詞\r','会議、相談'),(231,'confess','動詞\r','告白する'),(232,'confide','動詞\r','信用する、打ち明ける'),(233,'conjunction','名詞\r','接続詞'),(234,'consensus','名詞\r','一致、総意'),(235,'conserve','動詞\r','保存する'),(236,'consideration','名詞\r','熟考、考慮'),(237,'consist with -','熟語\r','～と両立する'),(238,'consolation','名詞\r','慰め'),(239,'constant','名詞\r','一定の、不変の、不断の'),(240,'constellation','名詞\r','星座'),(241,'constitute','名詞\r','設立、構成する'),(242,'constrain','動詞\r','～に強制する、～を束縛する、無理に～させる'),(243,'constriction','名詞\r','緊張、収縮'),(244,'contend','動詞\r','主張する、論争する'),(245,'content','名詞\r','内容'),(246,'continental','形容詞\r','大陸的な;大陸の'),(247,'contrive','動詞\r','案出する、たくらむ、～を工夫する'),(248,'controversial','形容詞\r','論争上の、論争の余地のある'),(249,'convenient','形容詞\r','便利な、都合の良い'),(250,'conventional','形容詞\r','慣習［因襲］的な; （戦争・武器など）通常の, 在来（型）の'),(251,'conversely','接続詞\r','逆に'),(252,'convey','動詞\r','運ぶ、～であると伝える'),(253,'cook','動詞\r','料理する'),(254,'cool','形容詞\r','冷たい、冷静な'),(255,'cooperation','名詞\r','協力、共同'),(256,'cooperative','形容詞\r','協力的・共同の'),(257,'coordinate','形容詞\r','座標、同等の、～を調和的に働かせる'),(258,'corespondence between -','名詞\r','一致'),(259,'cork','名詞\r','コルク'),(260,'correct','動詞\r','正しい、訂正する'),(261,'corrupt','動詞\r','汚れた、堕落させる'),(262,'cosmetic','名詞\r','化粧品'),(263,'couch','名詞\r','ソファー, カウチ'),(264,'country','名詞\r','国,田舎'),(265,'crash','名詞\r','衝突、崩壊'),(266,'crisis','名詞\r','危機'),(267,'crazy','動詞\r','気の狂った，～に熱中している'),(268,'credit','名詞\r','信用'),(269,'crime','名詞\r','罪、犯罪'),(270,'critical','形容詞\r','批判的な'),(271,'criticize','動詞\r','批判する'),(272,'critique','名詞\r','批判、批評'),(273,'crop','名詞\r','農作物、収穫'),(274,'crowded','動詞\r','混雑した'),(275,'crucial','形容詞\r','決定的な、重要な'),(276,'cry','動詞\r','泣き叫ぶ'),(277,'cubic','形容詞\r','三次元の'),(278,'cue','名詞\r','合図、きっかけ'),(279,'cumulative','形容詞\r','累積的な'),(280,'cupboard','名詞\r','食器棚'),(281,'curricular','形容詞\r','カリキュラムの'),(282,'customary','形容詞\r','習慣的な、慣習の'),(283,'cut','動詞\r','切る'),(284,'cynicism','名詞\r','シニシズム、禁欲主義'),(285,'dark','形容詞\r','暗い'),(286,'daughter','名詞\r','娘'),(287,'dear','形容詞\r','親愛な'),(288,'deceit','名詞\r','虚偽, いつわり; 詐欺, 策謀'),(289,'deeply','副詞\r','深く，濃く'),(290,'declare','動詞\r','宣言・断言する'),(291,'decline','動詞\r','断る'),(292,'decorate','動詞\r','飾る'),(293,'devil','名詞\r','悪魔'),(294,'defect','名詞\r','敗北・欠点・欠乏'),(295,'defective','形容詞\r','不完全な、欠点・欠陥のある'),(296,'deficit','名詞\r','欠陥、欠点、不足'),(297,'delay','名詞\r','遅れ'),(298,'departure','名詞\r','出発'),(299,'deprive','動詞\r','奪う'),(300,'derivative','形容詞\r','派生的な'),(301,'descern','動詞\r','識別する、認識する'),(302,'design','名詞\r','計画, 目的, 意図; （pl.） 陰謀; 設計, 筋書; 下絵; 図案, デザイン'),(303,'detached','形容詞\r','引き離された、客観的な'),(304,'detail','名詞\r','詳細'),(305,'determine','動詞\r','決定する'),(306,'develop A into B','動詞\r','ＡからＢへと発展させる'),(307,'dialect','名詞\r','方言'),(308,'dictionary','名詞\r','辞書'),(309,'different','動詞\r','異なる'),(310,'dinner','名詞\r','夕食'),(311,'dinosaur','名詞\r','恐竜'),(312,'dioxide','名詞\r','酸素'),(313,'direct','動詞\r','向ける、指揮する、直接の'),(314,'directly','副詞\r','直接に，すぐに'),(315,'director','名詞\r','監督'),(316,'disappoint','動詞\r','失望する'),(317,'disaster','名詞\r','災害'),(318,'discrete','形容詞\r','別々の'),(319,'disease','名詞\r','病気'),(320,'disinterested','形容詞\r','無関心な、私欲のない'),(321,'dismiss','動詞\r','解雇する、捨てる'),(322,'dispel','動詞\r','追い散らす'),(323,'dive','動詞\r','潜水する、飛び込む'),(324,'diverce','動詞\r','分割する'),(325,'document','名詞\r','文書、ドキュメント'),(326,'doll','名詞\r','人形'),(327,'dominate','動詞\r','支配する'),(328,'door','名詞\r','扉'),(329,'down','副詞\r','下に'),(330,'dragon','名詞\r','竜'),(331,'draw','動詞\r','引く、描く'),(332,'drawer','名詞\r','引き出し'),(333,'drift','名詞\r','流れ, 潮流; 漂流（物）'),(334,'drill','名詞\r','ドリル、練習、訓練'),(335,'drink','動詞\r','飲む'),(336,'drive','動詞\r','運転する'),(337,'during','前置詞\r','～の期間中に'),(338,'each','代名詞\r','それぞれの'),(339,'ear','名詞\r','耳'),(340,'early','形容詞\r','早い'),(341,'easy','形容詞\r','簡単な'),(342,'eat','動詞\r','食べる'),(343,'echo','名詞\r','こだま、反響'),(344,'effect','名詞\r','結果、効果、影響'),(345,'either A or B','熟語\r','AかBかどちらか'),(346,'elect','動詞\r','選挙する、選ぶ'),(347,'eleventh','数詞\r','11番目の'),(348,'eliminate','動詞\r','除外する'),(349,'endure','動詞\r','～を耐える、持続する'),(350,'engage','動詞\r','契約する、雇う'),(351,'engineer','名詞\r','技師、技術者'),(352,'english','名詞\r','英語'),(353,'enjoy -ing','動詞\r','～して楽しむ'),(354,'enough','形容詞\r','充分な'),(355,'enroll','動詞\r','入学する'),(356,'etiquette','名詞\r','エチケット'),(357,'evening','名詞\r','夕方'),(358,'ever','副詞\r','かつて'),(359,'every','形容詞\r','全部の'),(360,'everywhere','副詞\r','どこでも'),(361,'evolution','名詞\r','進化、進歩、発展'),(362,'evolve','動詞\r','発展する、～を展開する'),(363,'exact','形容詞\r','正確な'),(364,'examin','動詞\r','検査する、吟味する'),(365,'exceed','動詞\r','越える、優る、卓越する'),(366,'excellence','名詞\r','優秀さ、長所'),(367,'excellent','形容詞\r','優れた'),(368,'exciting','動詞\r','刺激的な、興奮する'),(369,'exclaim','動詞\r','叫ぶ'),(370,'exclusive','形容詞\r','除外的な, 排他的な; （クラブなど）非開放的な'),(371,'excuse','名詞\r','弁解、理由、いいわけ、許し、早退'),(372,'excuse me','熟語\r','すみませんが'),(373,'exercise','動詞\r','運動する'),(374,'exhaustive','形容詞\r','徹底的な、網羅的な、疲れはてさせるような'),(375,'exhibit','動詞\r','展示する'),(376,'exotic','形容詞\r','異国情緒な、外国の'),(377,'expansion','名詞\r','拡張、膨張、発展'),(378,'expedition','名詞\r','探検,遠征'),(379,'expel','動詞\r','噴出する'),(380,'expend','動詞\r','費やす'),(381,'expenditure','名詞\r','費用、支出'),(382,'extensive','形容詞\r','広範な'),(383,'extent','名詞\r','大きさ、広さ、範囲'),(384,'extreme','形容詞\r','極端、極端な'),(385,'eye','名詞\r','目'),(386,'face','名詞\r','顔'),(387,'fade','動詞\r','色あせる、衰える、（光が）かすかになる'),(388,'fall','動詞\r','落ちる'),(389,'fall into','熟語\r','～に分類される'),(390,'family','名詞\r','家族'),(391,'famous','形容詞\r','有名な'),(392,'far','形容詞\r','遠い'),(393,'farm','名詞\r','農場'),(394,'fashion','名詞\r','流行; ファッション; 世間の風潮'),(395,'fast','形容詞\r','速い'),(396,'favor','名詞\r','好意, 親切'),(397,'feature','名詞\r','特徴、容貌'),(398,'feed','動詞\r','餌を与える'),(399,'feel','動詞\r','感じる'),(400,'feminine','形容詞\r','女性の'),(401,'figure','名詞\r','形, 姿; 体型; 肖像; 外観; 風采; 人物, 名士; 象徴; 図面; 図案; 図解'),(402,'finance','名詞\r','財政、金融'),(403,'find','動詞\r','発見する'),(404,'fine','形容詞\r','細かい'),(405,'finish','動詞\r','終える'),(406,'firm','名詞\r','会社'),(407,'first','形容詞\r','第一の, 最初の; 主要な; 首位の; 最上の;'),(408,'fish','名詞\r','魚'),(409,'fitness','名詞\r','健康、適合'),(410,'flat','形容詞\r','平らな'),(411,'flood','名詞\r','洪水'),(412,'flower','名詞\r','花'),(413,'fluent','形容詞\r','流暢な、ぺらぺらな'),(414,'fluid','名詞\r','流体; 体液; 流動物'),(415,'fly','動詞\r','飛ぶ'),(416,'fly','名詞\r','ハエ'),(417,'follow up','熟語\r','追跡する'),(418,'food','名詞\r','食べ物'),(419,'foot','名詞\r','足'),(420,'for a while','熟語\r','しばらくの間'),(421,'forego','動詞\r','先行する'),(422,'forest','名詞\r','森'),(423,'foretell','動詞\r','予告する'),(424,'forget','動詞\r','忘れる'),(425,'fool','名詞\r','馬鹿'),(426,'formulate','動詞\r','明確にする、明確に述べる'),(427,'fortunate','形容詞\r','幸運な'),(428,'front','名詞\r','前部，戦線'),(429,'friday','名詞\r','金曜日'),(430,'friend','名詞\r','友達'),(431,'from','前置詞\r','～から'),(432,'fruit','名詞\r','果物'),(433,'fulfill','動詞\r','はたす'),(434,'fur','名詞\r','毛皮'),(435,'fuzzy','形容詞\r','不明瞭な'),(436,'galaxy','名詞\r','銀河'),(437,'garage','名詞\r','ガレージ'),(438,'garden','名詞\r','庭'),(439,'generation','名詞\r','世代'),(440,'generous','形容詞\r','気前の良い、寛大な'),(441,'genuinely','副詞\r','純粋に、心から'),(442,'get','動詞\r','得る'),(443,'get around -','熟語\r','打ち勝つ'),(444,'get in touch with -','熟語\r','連絡を取る'),(445,'get rid of','熟語\r','取り除く'),(446,'giant','形容詞\r','巨人、巨大な'),(447,'girl','名詞\r','女の子'),(448,'give','動詞\r','あげる'),(449,'given that -','熟語\r','仮定すれば'),(450,'glad','副詞\r','喜んで'),(451,'glass','名詞\r','眼鏡'),(452,'globe','名詞\r','地球'),(453,'glue','名詞\r','糊、接着剤'),(454,'go around','熟語\r','行き渡る'),(455,'go off','熟語\r','立去る; 逃げる; 消える; 中止になる; 使えなくなる'),(456,'go on to do','熟語\r','～し続ける、続けて～する'),(457,'good','形容詞\r','良い'),(458,'grain','名詞\r','穀物、粒'),(459,'grease','名詞\r','油'),(460,'great','形容詞\r','偉大な,すごい'),(461,'grid','名詞\r','（鉄）格子; 焼き網; （地図・街路の）碁盤目; 【電子工】'),(462,'grief','名詞\r','悲しみ,悲嘆'),(463,'grill','名詞\r','焼き網、グリル'),(464,'grip','名詞\r','グリップ・把握'),(465,'ground','名詞\r','地面'),(466,'grow','動詞\r','成長する'),(467,'guidance','名詞\r','案内、指導'),(468,'hair','名詞\r','髪の毛'),(469,'half','形容詞\r','半分の'),(470,'hall','名詞\r','ホール,玄関'),(471,'hand','名詞\r','手'),(472,'happy','形容詞\r','幸せな'),(473,'hard','形容詞\r','困難な・堅い'),(474,'harvest','名詞\r','収穫'),(475,'head','名詞\r','頭'),(476,'heap','動詞\r','積み重ねる'),(477,'hear','動詞\r','聞く'),(478,'helmet','名詞\r','ヘルメット'),(479,'help','動詞\r','助ける'),(480,'her','代名詞\r','彼女の・彼女を'),(481,'here','副詞\r','ここで、ここに'),(482,'heterogeneous','形容詞\r','異種の、異質の'),(483,'high','形容詞\r','高い'),(484,'highway','名詞\r','幹線道路'),(485,'hill','名詞\r','丘'),(486,'hindrance','名詞\r','妨害'),(487,'hint','名詞\r','手がかり、暗示'),(488,'hit on','動詞\r','思いつく'),(489,'holiday','名詞\r','休日'),(490,'home','名詞\r','家,故郷'),(491,'hope','動詞\r','望む'),(492,'horizon','名詞\r','地平線、地平'),(493,'host','名詞\r','主人'),(494,'hour','名詞\r','1時間'),(495,'how','疑問詞\r','どのようにして'),(496,'hundred','名詞\r','百'),(497,'hurt','動詞\r','傷つける，～の感情を害する'),(498,'hut','名詞\r','小屋; 【軍】仮兵舎'),(499,'hybrid','形容詞\r','雑種の、混成の'),(500,'idea','名詞\r','考え'),(501,'ideally','副詞\r','観念的に、理想的に'),(502,'identical','副詞\r','同一の'),(503,'if -','仮定法\r','もし～ならば'),(504,'immediate','名詞\r','緊急'),(505,'imminent','形容詞\r','切迫した'),(506,'impact','名詞\r','衝撃、衝突、影響'),(507,'impatience','名詞\r','じれったさ、焦り'),(508,'impel','動詞\r','うながす'),(509,'imply','動詞\r','暗示する'),(510,'important','形容詞\r','重要な'),(511,'impose','動詞\r','課す・置く'),(512,'in effect','熟語\r','実質的には'),(513,'in practice','熟語\r','実際問題として'),(514,'in process of -','熟語\r','～が進行中で'),(515,'in succession','熟語\r','連続して'),(516,'in term of -','熟語\r','～について'),(517,'in time','熟語\r','間にあって、やがて'),(518,'in turn','熟語\r','交代に'),(519,'incessantly','副詞\r','直ちに'),(520,'index','動詞\r','指し示す'),(521,'inevitable','形容詞\r','不可避の'),(522,'influence','名詞\r','影響'),(523,'informal','形容詞\r','非公式の, 略式の; 形式ばらない'),(524,'inherent','形容詞\r','固有の、生来の'),(525,'injury','名詞\r','負傷、危害'),(526,'inspect','動詞\r','検査、調査する'),(527,'inspire','動詞\r','奮い立たせる'),(528,'instance','名詞\r','実例、事例'),(529,'institution','名詞\r','協会、制度、設立'),(530,'insult','動詞\r','侮辱する'),(531,'interesting','形容詞\r','興味深い'),(532,'interfere in -','動詞\r','～に干渉する'),(533,'interfere with -','動詞\r','妨害する'),(534,'interview','名詞\r','インタビュー,面接'),(535,'introduce','動詞\r','紹介する'),(536,'intrusion','名詞\r','侵入、割り込み'),(537,'invent','動詞\r','発明する'),(538,'inversely','形容詞\r','逆の、反対の'),(539,'invest','動詞\r','与える、投資する'),(540,'invite','動詞\r','招待する、～するように進める'),(541,'jar','名詞\r','つぼ［かめ］（1杯の量）.'),(542,'journey','名詞\r','旅'),(543,'judge','動詞\r','判断する、裁判する'),(544,'judge','名詞\r','裁判官'),(545,'jurassic','形容詞\r','ジュラ紀の'),(546,'just','副詞\r','ちょうど'),(547,'keen','形容詞\r','熱心な、鋭敏な'),(548,'keep','動詞\r','保つ'),(549,'keep - in check','熟語\r','抑制する'),(550,'kin','名詞\r','親族'),(551,'kind','形容詞\r','親切な'),(552,'kitchen','名詞\r','台所'),(553,'kneel','動詞\r','ひざまづく'),(554,'know','動詞\r','知っている'),(555,'lade','動詞\r','荷物を積む'),(556,'lag','名詞\r','のろのろ歩く; 遅れる（こと）, 時間のずれ'),(557,'lag behind -','熟語\r','～より遅れる'),(558,'laggagge','名詞\r','手荷物'),(559,'lake','名詞\r','湖'),(560,'language','名詞\r','言語'),(561,'large','形容詞\r','大きい'),(562,'last','形容詞\r','最後の、最後に残った; 最下位の;'),(563,'late','形容詞\r','遅い'),(564,'lazy','形容詞\r','怠惰な'),(565,'lead to -','熟語\r','～の結果へと導く'),(566,'league','名詞\r','連盟、リーグ'),(567,'lean','動詞\r','傾き、痩せた、もたせかける'),(568,'leave','動詞\r','去る'),(569,'lend','動詞\r','貸す'),(570,'lens','名詞\r','レンズ'),(571,'lessen','動詞\r','少なくなる、減らす, 減る'),(572,'lesson','名詞\r','授業'),(573,'letter','名詞\r','手紙'),(574,'level','名詞\r','レベル、水平にする'),(575,'library','名詞\r','図書館'),(576,'life','名詞\r','生命、人生'),(577,'light','形容詞\r','軽い、明るい'),(578,'like','動詞\r','～が好きである'),(579,'likewise','接続詞\r','同様に、その上'),(580,'line','名詞\r','線、限界'),(581,'linear','形容詞\r','直線の、線状の'),(582,'listen to','動詞\r','聞く'),(583,'literature','名詞\r','文学、文献'),(584,'litle by litle','/\r','少しずつ'),(585,'little','副詞\r','少しの'),(586,'live','動詞\r','住む'),(587,'locate','動詞\r','設定する、位置づける'),(588,'long','形容詞\r','長い'),(589,'look after','熟語\r','世話をする'),(590,'look at','熟語\r','見る'),(591,'look forward to doing','熟語\r','楽しみに待つ'),(592,'look into','熟語\r','詳しく調査する'),(593,'look up to -','熟語\r','尊敬する'),(594,'loop','名詞\r','輪、輪状の物'),(595,'lose','動詞\r','なくす、失う'),(596,'love','動詞\r','愛する'),(597,'lunch','名詞\r','昼食'),(598,'lung','名詞\r','肺'),(599,'mag','名詞\r','マグカップ'),(600,'magnitude','名詞\r','大きさ、重要性'),(601,'major','形容詞\r','主要な、専攻の'),(602,'make','動詞\r','作る'),(603,'make notations','熟語\r','メモを取る'),(604,'manifest','形容詞\r','明白な'),(605,'many','形容詞\r','多数の'),(606,'marvel','名詞\r','驚嘆する'),(607,'masculine','形容詞\r','男性の、男らしい; 男まさりの'),(608,'mass','名詞\r','量、大衆'),(609,'massive','形容詞\r','大きい、重い'),(610,'master','名詞\r','達人'),(611,'mat','名詞\r','マット、台紙'),(612,'match','動詞\r','釣り合う'),(613,'meadow','名詞\r','牧草地'),(614,'mean','動詞\r','意味する'),(615,'medieval','形容詞\r','中世の'),(616,'medium','名詞\r','媒介物、メディア'),(617,'meet','名詞\r','～に会う'),(618,'metric','形容詞\r','メートル法の'),(619,'milk','名詞\r','牛乳'),(620,'minimum','名詞\r','最小'),(621,'minute','名詞\r','1分'),(622,'mirror','動詞\r','映す、反映させる'),(623,'mischief','名詞\r','いたずら'),(624,'mobilize','名詞\r','動員させる、流動させる'),(625,'modest','形容詞\r','謙遜な、適度な'),(626,'modifier','/\r','修飾語'),(627,'monday','名詞\r','月曜日'),(628,'money','名詞\r','お金'),(629,'monotonous','形容詞\r','単調な、退屈な'),(630,'month','名詞\r','一月'),(631,'moon','名詞\r','月'),(632,'morality','名詞\r','道徳'),(633,'morning','名詞\r','朝'),(634,'mount','動詞\r','登る、登らせる'),(635,'mountain','名詞\r','山'),(636,'mouth','名詞\r','口'),(637,'muddle up','熟語\r','ごちゃ混ぜにする'),(638,'muscular','形容詞\r','筋肉質な'),(639,'music','名詞\r','音楽'),(640,'mutual','形容詞\r','相互の、共通の'),(641,'mystery','名詞\r','神秘、不思議'),(642,'nail','名詞\r','釘、爪'),(643,'nail','名詞\r','釘を差す'),(644,'nasal','形容詞\r','鼻の'),(645,'nature','名詞\r','自然、本質、種類、国家'),(646,'near','前置詞\r','～の近くに'),(647,'need','動詞\r','必要とする'),(648,'neglect','動詞\r','無視する、怠る'),(649,'neutrality','名詞\r','中立、中性'),(650,'never','副詞\r','決して～ない'),(651,'new','形容詞\r','新しい'),(652,'nice','形容詞\r','いい、素敵な'),(653,'night','名詞\r','夜'),(654,'ninety','名詞\r','90'),(655,'Nobel quantum','名詞\r','ノーベル賞'),(656,'nod','動詞\r','うなずく'),(657,'noon','名詞\r','昼'),(658,'norm','名詞\r','規範、基準、ノルマ、倫理性'),(659,'nose','名詞\r','鼻'),(660,'not fail to -','熟語\r','必ず～する'),(661,'notably','副詞\r','著しく、とりわけ'),(662,'note','動詞\r','書き留める、注目する'),(663,'notice','動詞\r','気づく、注意する'),(664,'notion','名詞\r','概念'),(665,'november','名詞\r','11月'),(666,'numerous','副詞\r','非常に,多数の'),(667,'nutriment','名詞\r','栄養'),(668,'obey','動詞\r','～に従う、服従する'),(669,'object','名詞\r','目的語'),(670,'objection','名詞\r','反対'),(671,'objective','名詞\r','目標、目的'),(672,'obscure','形容詞\r','曖昧な'),(673,'observance','名詞\r','遵守、観察、しきたり、戒律'),(674,'occupation','名詞\r','占領、職業'),(675,'of use','形容詞\r','有益な'),(676,'official','形容詞\r','職務［公務］上の; 公［政府］の; 公式［公認］の; お役所風の'),(677,'offshore','形容詞\r','沖合いの'),(678,'often','副詞\r','しばしば'),(679,'on ones own','/\r','独力で'),(680,'on time','副詞\r','定刻通りに'),(681,'once','副詞\r','かつて、一度'),(682,'only','副詞\r','ただ～だけ'),(683,'open space','名詞\r','空き地'),(684,'operate','動詞\r','操作する、手術する'),(685,'oppose','動詞\r','～に反対する'),(686,'opposite','前置詞\r','反対の、反対の事物'),(687,'oppotunity','名詞\r','機会'),(688,'oratory','名詞\r','雄弁'),(689,'oratory contest','名詞\r','弁論大会'),(690,'orchestra','名詞\r','管弦楽団'),(691,'orderly','副詞\r','きちんとした; 秩序をよく守る; 従順な; 行儀のいい'),(692,'other','副詞\r','他の'),(693,'our','代名詞\r','我々の/を'),(694,'overall','形容詞\r','全般的な'),(695,'overall','名詞\r','上下続きの作業衣'),(696,'overload','名詞\r','積みすぎ'),(697,'owe A to B','熟語\r','ＡをＢに負っている'),(698,'owe to -','熟語\r','～に負う'),(699,'pale','形容詞\r','青白い'),(700,'paragraph','名詞\r','段落'),(701,'park','名詞\r','公園'),(702,'participle','名詞\r','分詞'),(703,'passage','名詞\r','通行, 通過; （事件の）進行; （時の）経過; 推移; 通行［航行］権'),(704,'patch','名詞\r','継ぎ・あて布'),(705,'payoff','名詞\r','報酬、支払い'),(706,'peasant','名詞\r','小作農'),(707,'peer','動詞\r','凝視する、同輩、匹敵する'),(708,'people','名詞\r','人々'),(709,'pertain to','熟語\r','～に関係している'),(710,'pertinent','形容詞\r','適切な'),(711,'pessimism','名詞\r','悲観主義、厭世主義'),(712,'picture','名詞\r','絵、写真'),(713,'pilot','名詞\r','パイロット、案内人'),(714,'pitfall','名詞\r','落とし穴'),(715,'place','名詞\r','場所'),(716,'plan','名詞\r','計画、図面'),(717,'plane','名詞\r','平面、平らな、飛行機'),(718,'plant','名詞\r','植物'),(719,'plate','名詞\r','皿'),(720,'politics','名詞\r','政治、政策'),(721,'poll','名詞\r','投票、世論調査'),(722,'pond','名詞\r','池'),(723,'pool','名詞\r','プール、蓄え'),(724,'poor','形容詞\r','貧しい'),(725,'popular','名詞\r','人気のある'),(726,'portion','名詞\r','部分'),(727,'portrayal','名詞\r','描画、描写、肖像画'),(728,'postulate','動詞\r','仮定する'),(729,'pound','名詞\r','ポンド'),(730,'prairie','名詞\r','大草原'),(731,'prayer','名詞\r','祈り、願い、祈祷者'),(732,'precede','動詞\r','～に先立つ、優先する'),(733,'precious','形容詞\r','貴重な、高価な'),(734,'preposition','名詞\r','前置詞'),(735,'prerequisite','名詞\r','必要条件、先行条件'),(736,'prestige','名詞\r','特権、威信、名声'),(737,'pretty','形容詞\r','かわいらしい'),(738,'prevention','名詞\r','防止、予防、妨害'),(739,'prison','名詞\r','刑務所、投獄'),(740,'privacy','名詞\r','プライバシー'),(741,'probabilistically','副詞\r','確率的に'),(742,'proceeding','名詞\r','手続き、進行'),(743,'produce','動詞\r','産出する'),(744,'profession','名詞\r','職業、専門職'),(745,'pronounce','動詞\r','発音する、述べる'),(746,'propagate','動詞\r','広める'),(747,'propel','動詞\r','推進する'),(748,'propriety','名詞\r','適切さ、礼儀正しさ'),(749,'provision','名詞\r','供給、準備、備え'),(750,'pure','形容詞\r','純粋な、きれいな'),(751,'put','動詞\r','置く、記入する'),(752,'put an end to -','動詞\r','終わらせる'),(753,'put on','熟語\r','つける、着る'),(754,'qualification','名詞\r','資格、制限'),(755,'quantum','形容詞\r','画期的な、飛躍的な'),(756,'quarter','名詞\r','四分の一'),(757,'question','名詞\r','質問、問題'),(758,'quickly','副詞\r','素早く'),(759,'race','名詞\r','競争、人種、種族'),(760,'race','名詞\r','人種、紐、競争、駆けめぐる'),(761,'rack','名詞\r','棚'),(762,'radical','副詞\r','急進的に'),(763,'rage','名詞\r','激怒; 激烈, 猛威 ((風・波・疫病などの)); （単数形で） 熱望, 熱情'),(764,'railway','名詞\r','鉄道'),(765,'rain','動詞\r','雨が降る'),(766,'rate','名詞\r','割合、値段'),(767,'reach','動詞\r','着く/達する'),(768,'read','動詞\r','読む、解釈する'),(769,'ready','動詞\r','用意する'),(770,'ready-made','形容詞\r','既成の'),(771,'realize','動詞\r','理解する、悟る、現実化する'),(772,'really','副詞\r','本当に'),(773,'reason','名詞\r','理由、推理、推論'),(774,'receipt','名詞\r','レシート'),(775,'recent','形容詞\r','最近の'),(776,'recess','名詞\r','休憩（時間）; 〔米〕 （大学などの）休暇; （議会の）休会'),(777,'recession','名詞\r','後退'),(778,'reciprocal','形容詞\r','相互の'),(779,'reconciliation','名詞\r','和解、調和'),(780,'recover','動詞\r','回復する'),(781,'recycle','動詞\r','再生させる'),(782,'reflect','動詞\r','反射する、反映する'),(783,'regard','動詞\r','見なす ((as)); 注視する, （ある感情を抱いて）見る ((with)); 考慮する; 尊重する; 関係する'),(784,'register','動詞\r','登録する、温度計が示す'),(785,'regulatory','動詞\r','取締まる（目的の）; 調節する'),(786,'relate','動詞\r','関連させる、述べる'),(787,'relative pronoun','名詞\r','関係代名詞'),(788,'relax','動詞\r','ゆるめる、くつろぐ'),(789,'remark','動詞\r','注目する、所見する、批評する、述べる'),(790,'remember','動詞\r','思い出す、覚えている'),(791,'remembrance','名詞\r','記憶'),(792,'repel','動詞\r','追い払う、撃退する'),(793,'reputation','名詞\r','評判'),(794,'reside','動詞\r','定住する、属する'),(795,'resign','動詞\r','やめる、放棄する'),(796,'resource','名詞\r','資源'),(797,'rest','動詞\r','休む、頼る'),(798,'restoration','名詞\r','回復、復旧'),(799,'retain','動詞\r','保持する'),(800,'retard','動詞\r','遅くする［なる］, 遅らせる［れる］, 妨げる'),(801,'return to -','動詞\r','戻る'),(802,'revise','動詞\r','訂正する、校定する'),(803,'revision','名詞\r','修正、訂正'),(804,'revive','動詞\r','復活させる'),(805,'revolution','名詞\r','革命、回転'),(806,'revolve','動詞\r','回転する、回す'),(807,'rice','名詞\r','米'),(808,'rich','形容詞\r','金持ちな'),(809,'ride','動詞\r','乗る'),(810,'right','形容詞\r','正しい、右の'),(811,'ring','動詞\r','（鈴・鐘などが）鳴る, 鳴らす; 鳴響く［渡る］ ((out)); （耳が）鳴る; （ベルを）鳴らして呼ぶ ((for)); 〔英〕 電話する'),(812,'rise','動詞\r','のぼる'),(813,'ritual','名詞\r','儀式、儀式形式'),(814,'rival','名詞\r','競争相手、ライバル'),(815,'rivalry','名詞\r','対抗、競争'),(816,'river','名詞\r','川'),(817,'roll','動詞\r','巻く、転がす'),(818,'room','名詞\r','部屋'),(819,'routine','名詞\r','習慣'),(820,'row','名詞\r','列、並び'),(821,'run','動詞\r','走る'),(822,'sack','名詞\r','袋'),(823,'sad','形容詞\r','悲しい'),(824,'same','形容詞\r','同じ, 同一の, 同様な'),(825,'sausage','名詞\r','ソーセージ'),(826,'satisfy','動詞\r','を満足させる'),(827,'say','動詞\r','言う'),(828,'scale','名詞\r','尺度、割合、程度、段階、スケール'),(829,'scholastic','形容詞\r','学校の、スコラ哲学の'),(830,'school','名詞\r','学校'),(831,'schoolmaster','名詞\r','教師'),(832,'score','名詞\r','得点、楽譜'),(833,'screw','動詞\r','ねじれる'),(834,'season','名詞\r','季節'),(835,'second','名詞\r','第二の'),(836,'section','名詞\r','部門、区別、セクション'),(837,'sector','名詞\r','セクター、部門'),(838,'secure','形容詞\r','安全な; 確実な; 大丈夫な; しっかりした'),(839,'secure','動詞\r','安全［確実］にする［なる］; 獲得［入手］する; 保証する;'),(840,'Seeing that -','熟語\r','～の点から見ると'),(841,'seek after -','動詞\r','探す、探索する'),(842,'selfhood','名詞\r','個性、性格'),(843,'sell','動詞\r','売る'),(844,'semester','名詞\r','学期'),(845,'send','動詞\r','送る'),(846,'sense','名詞\r','意味、感覚、正気、分別、意識'),(847,'sensible','形容詞\r','敏感な、分別のある'),(848,'sentence','名詞\r','文'),(849,'sentence pattern','名詞\r','文型'),(850,'sequential','動詞\r','続いて起る, 継続的な; 結果として生ずる'),(851,'session','名詞\r','会合、会議'),(852,'set about doing','熟語\r','～し始める'),(853,'set off','熟語\r','出かける、出発する、～を引き立たせる'),(854,'set out','熟語\r','出発する'),(855,'shelf','名詞\r','棚'),(856,'short','形容詞\r','短い'),(857,'should','助動詞\r','すべき'),(858,'shout','動詞\r','叫ぶ'),(859,'show','動詞\r','見せる'),(860,'show off','熟語\r','見せびらかす'),(861,'sibling','名詞\r','兄弟'),(862,'sick','形容詞\r','病気の'),(863,'sigh','名詞\r','溜息'),(864,'signal','名詞\r','信号'),(865,'signal','動詞\r','合図する'),(866,'signature','名詞\r','署名、サイン'),(867,'silly','形容詞\r','おろかな'),(868,'similarly','副詞\r','類似して、同様に'),(869,'sin','名詞\r','罪'),(870,'since','前置詞\r','～以来'),(871,'sing','動詞\r','歌う'),(872,'sister','名詞\r','姉妹'),(873,'sit down','熟語\r','座る'),(874,'sky','動詞\r','スキーをする'),(875,'sleep','動詞\r','眠る'),(876,'slide','動詞\r','滑る'),(877,'slippery','形容詞\r','すべりやすい; つかみどころのない; あてにならない, ずるい'),(878,'slowly','副詞\r','ゆっくりと'),(879,'small','形容詞\r','小さな'),(880,'smile','動詞\r','笑う'),(881,'smell','動詞\r','におう，においをかぐ'),(882,'snow','名詞\r','雪'),(883,'solar','形容詞\r','太陽の'),(884,'some','副詞\r','いくつかの'),(885,'sometimes','副詞\r','時々'),(886,'somewhat','副詞\r','いくらか'),(887,'son','名詞\r','息子'),(888,'soon','副詞\r','すぐに'),(889,'sore','形容詞\r','痛い'),(890,'sorely','副詞\r','痛く、非常に'),(891,'sorry','副詞\r','残念に思って'),(892,'sound','形容詞\r','正しい、健全な'),(893,'spare','動詞\r','倹約する; なしですませる; 分けてやる'),(894,'speak','動詞\r','話す'),(895,'specialty','名詞\r','専門'),(896,'spend','動詞\r','費やす'),(897,'splendid','形容詞\r','光輝のある; 輝かしい; すばらしい; 豪華な; すてきな'),(898,'sport','名詞\r','運動'),(899,'spring','名詞\r','春'),(900,'stair','名詞\r','階段'),(901,'stand for','熟語\r','意味する、表す'),(902,'stand up','熟語\r','立つ'),(903,'star','名詞\r','星'),(904,'start','動詞\r','始める'),(905,'start out','熟語\r','出発する、～し始める'),(906,'state','名詞\r','状態、国家'),(907,'state','動詞\r','述べる'),(908,'statesman','名詞\r','政治家'),(909,'station','名詞\r','駅'),(910,'status','名詞\r','地位、状態'),(911,'steal','動詞\r','盗む'),(912,'still','形容詞\r','静かな; 静止した, 動かない; （声が）低い; 波立たない'),(913,'strage','名詞\r','貯蔵、保管'),(914,'stream','名詞\r','流れ'),(915,'strike','動詞\r','打つ、心を打つ、心に浮かばせる'),(916,'student','名詞\r','学生、研究家'),(917,'stuff','名詞\r','材料, 原料; 素質; （毛）織物; 〔話〕 ((一般に)) 物; 薬, 飲食物'),(918,'subserve','動詞\r','～の促進に寄与する'),(919,'substitute','名詞\r','代理、代用、補償'),(920,'succession','名詞\r','連続'),(921,'suggestion','名詞\r','暗示; 思いつき; 連想; 提案; 様子, 気味 ((of))'),(922,'superior','名詞\r','優れた人、上官'),(923,'suppose','動詞\r','思う、仮定する、前提とする'),(924,'surname','名詞\r','姓、名字'),(925,'susceptibility','名詞\r','感受性'),(926,'suspend','動詞\r','吊るす、中止する'),(927,'suspicion','名詞\r','疑い'),(928,'sweat','名詞\r','汗'),(929,'swing','動詞\r','揺れる, 振れる; 回転する; 体を左右に振って'),(930,'swish','動詞\r','振り回す'),(931,'take - into account','熟語\r','考慮に入れる'),(932,'take account of -','熟語\r','考慮に入れる、注意を払う'),(933,'take on -','熟語\r','引き受ける、身につける、帯びる、雇う'),(934,'take out','熟語\r','持ち出す'),(935,'take over','熟語\r','引き継ぐ'),(936,'take place','熟語\r','起こる'),(937,'Talking of -','熟語\r','～といえば'),(938,'tame','動詞\r','飼い慣らす'),(939,'tap','動詞\r','軽くたたく'),(940,'tear','名詞\r','涙'),(941,'technical','\r','工業の、専門の'),(942,'technical','形容詞\r','専門的な、技術的な'),(943,'technological','形容詞\r','科学技術の'),(944,'telescope','名詞\r','望遠鏡'),(945,'temporal','形容詞\r','時間の'),(946,'temporary','形容詞\r','一時的な'),(947,'tend','動詞\r','傾向がある、役に立つ、世話をする'),(948,'term','名詞\r','用語、見地、期間'),(949,'thank you','熟語\r','ありがとう'),(950,'their','代名詞\r','彼らの'),(951,'theoretical','形容詞\r','理論上の'),(952,'thereof','副詞\r','それについて; それの; その事から'),(953,'these','副詞\r','これらは、これらの'),(954,'think','動詞\r','考える'),(955,'third','数詞\r','第三番目の'),(956,'throat','名詞\r','のど'),(957,'through','前置詞\r','～を通って、…を通り抜けて; 端［初め］から端［終り］まで'),(958,'thus','接続詞\r','従って、このように'),(959,'till','前置詞\r','～まで'),(960,'To date','熟語\r','今までのところは'),(961,'together','副詞\r','一緒に'),(962,'tomorrow','名詞\r','明日'),(963,'tone','名詞\r','音色'),(964,'too','副詞\r','～も、とても（否定的）'),(965,'tooth','名詞\r','歯'),(966,'torch','名詞\r','光、たいまつ'),(967,'toss','動詞\r','投げる'),(968,'town','名詞\r','街'),(969,'track','名詞\r','足跡、軌跡'),(970,'trade','名詞\r','貿易、商業、取引'),(971,'train','動詞\r','列車、訓練する'),(972,'tire','動詞\r','を疲れさせる，を飽きさせる，疲れる'),(973,'transfer','動詞\r','運ぶ'),(974,'transform','動詞\r','変身する、変形させる'),(975,'try to','熟語\r','～しようと努力する'),(976,'tube','名詞\r','チューブ、管'),(977,'turn','動詞\r','向く'),(978,'typography','名詞\r','印刷術'),(979,'ugly','形容詞\r','醜い'),(980,'ultimate','形容詞\r','究極的な'),(981,'uncertainty','形容詞\r','不確かな'),(982,'uncle','名詞\r','おじさん'),(983,'uncommon','形容詞\r','珍しい、普通じゃない'),(984,'under -','前置詞\r','～の下に'),(985,'understand','動詞\r','理解する'),(986,'undertake','動詞\r','引き受ける、企てる、着手する'),(987,'unicellular','形容詞\r','単細胞の'),(988,'uniform','名詞\r','制服'),(989,'universal','形容詞\r','普遍的な'),(990,'unjust','形容詞\r','不正［不法・不公平］な'),(991,'until','接続詞\r','～まで'),(992,'us','代名詞\r','我々を'),(993,'use','動詞\r','使う'),(994,'use up','熟語\r','使い果たす'),(995,'useful','動詞\r','役に立つ'),(996,'usually','副詞\r','通常は'),(997,'utopia','名詞\r','ユートピア、理想郷'),(998,'vacation','名詞\r','休暇'),(999,'vaguely','副詞\r','漠然と'),(1000,'valuable','形容詞\r','貴重な、高価な'),(1001,'value','名詞\r','価値、意義'),(1002,'verb','名詞\r','動詞'),(1003,'village','名詞\r','村'),(1004,'violate','動詞\r','違反する、侵害する、妨害する'),(1005,'violent','形容詞\r','激しい・暴力的な'),(1006,'virtual','形容詞\r','事実上の、仮想の'),(1007,'visit','動詞\r','訪問する'),(1008,'vital','形容詞\r','生命の、必要な'),(1009,'vivid','形容詞\r','鮮明な'),(1010,'wait for','熟語\r','待つ'),(1011,'wakeful','動詞\r','起きている'),(1012,'walk','動詞\r','歩く'),(1013,'wall','名詞\r','壁'),(1014,'warfare','名詞\r','戦争'),(1015,'warm','形容詞\r','暖かい'),(1016,'warrior','名詞\r','戦士'),(1017,'wash','動詞\r','洗う'),(1018,'waste','動詞\r','浪費する'),(1019,'watch','名詞\r','時計'),(1020,'water','名詞\r','水'),(1021,'way','名詞\r','道、方法'),(1022,'weight','名詞\r','重さ'),(1023,'well','副詞\r','うまく'),(1024,'westerly','前置詞\r','西へ'),(1025,'what','疑問詞\r','何'),(1026,'when','疑問詞\r','いつ'),(1027,'where','疑問詞\r','どこ'),(1028,'who','疑問詞\r','誰が'),(1029,'why','疑問詞\r','なぜ'),(1030,'widen','動詞\r','広くする'),(1031,'wide','形容詞\r','広い'),(1032,'wind','名詞\r','風'),(1033,'window','名詞\r','窓'),(1034,'winter','名詞\r','冬'),(1035,'wire','名詞\r','針金、電信'),(1036,'with','前置詞\r','～といっしょに'),(1037,'with a view to -','熟語\r','～を目的として'),(1038,'with respect to -','熟語\r','～に関して、～の観点から見て'),(1039,'without','前置詞\r','～なしで'),(1040,'wonderful','形容詞\r','すばらしい'),(1041,'world','名詞\r','世界'),(1042,'worry','動詞\r','心配する'),(1043,'wrong','形容詞\r','よくない'),(1044,'yield','動詞\r','産出する，降参する'),(1045,'yard','名詞\r','ヤード、庭'),(1046,'yell','動詞\r','大声を出す，応援する'),(1047,'yellow','形容詞\r','黄色の'),(1048,'yesterday','名詞\r','昨日'),(1049,'yet','副詞\r','まだ'),(1050,'young','形容詞\r','若い'),(1051,'a fallen woman','名詞\r','売春婦'),(1052,'a far cry','熟語\r','遠距離'),(1053,'a glut of','熟語\r','の氾濫'),(1054,'a handful of','熟語\r','一掴みの'),(1055,'a heap of','熟語\r','たくさんの'),(1056,'a monthly','熟語\r','月に一度の'),(1057,'a pile of','熟語\r','大量の'),(1058,'a species of','熟語\r','ある種の'),(1059,'abandon oneself to -','熟語\r','に身を任せる'),(1060,'abandoned','形容詞\r','見捨てられた・自堕落な'),(1061,'aberration','名詞\r','逸脱、異常'),(1062,'abiding','形容詞\r','永続的な'),(1063,'abolish','動詞\r','廃止［撤廃］する'),(1064,'abortion','名詞\r','流産; 堕胎; 失敗; 奇形物; 発育不全'),(1065,'abound','動詞\r','(物, 人が)たくさんある［いる］; (場所などが)(…に)富む, いっぱいである ((in,with))'),(1066,'','\r','(Trout ～ in this lake.＝This lake ～s with (in) trout. この湖にはマスがたくさんいる).'),(1067,'abrupt','形容詞\r','突然の; けわしい; ぶっきらぼうな'),(1068,'absentee','名詞\r','欠席者'),(1069,'abstain','動詞\r','控える'),(1070,'absurd','形容詞\r','馬鹿げた，こっけいな'),(1071,'abundantly','副詞\r','豊富に・充分に'),(1072,'abuse','動詞\r','乱用する，を虐待する'),(1073,'accede to -','熟語\r','に同意する'),(1074,'accelerate','動詞\r','を加速する'),(1075,'access','名詞\r','接近，近ずく手段や機会'),(1076,'acclaim','動詞\r','拍手喝采する'),(1077,'accommodate','動詞\r','を収容する、を宿泊させる'),(1078,'accompany','動詞\r','に同行する'),(1079,'accomplish','動詞\r','成就する'),(1080,'accordance','名詞\r','一致，調和'),(1081,'according','名詞\r','調和、一致'),(1082,'accrue','動詞\r','生じる'),(1083,'accumulate','動詞\r','蓄積する'),(1084,'accuse','動詞\r','を告発する，を非難する'),(1085,'accustomed','形容詞\r','いつもの，習慣の'),(1086,'acend','動詞\r','登る、上がる、高める'),(1087,'acknowledgment','名詞\r','承認・感謝'),(1088,'acorn','名詞\r','どんぐり'),(1089,'acount for -','熟語\r','を説明する'),(1090,'acoustic','形容詞\r','聴覚の、音響の'),(1091,'acquaint','動詞\r','知らせる'),(1092,'acquaintance','名詞\r','知人'),(1093,'acre','名詞\r','エーカー,畑'),(1094,'act on','熟語\r','作用する、～に従う'),(1095,'acting','形容詞\r','演技の、臨時代理の'),(1096,'active','形容詞\r','能動的な，積極的な'),(1097,'actively','副詞\r','活発に・能動的に'),(1098,'actualization','名詞\r','現実化'),(1099,'actually','副詞\r','実際に、本当に'),(1100,'acuity','名詞\r','鋭さ・激しさ・鋭敏さ'),(1101,'acute','形容詞\r','鋭い，急性の'),(1102,'adage','名詞\r','格言'),(1103,'addict','動詞\r','夢中にさせる'),(1104,'address oneself to-','熟語\r','人に話しかける、問題にとりかかる'),(1105,'adduce','動詞\r','引用する'),(1106,'adequacy','名詞\r','適切さ'),(1107,'adhere','動詞\r','固執する'),(1108,'adjancent to-','熟語\r','～に隣接した'),(1109,'adjective phrase','名詞\r','形容詞句'),(1110,'adjoin','動詞\r','隣接する'),(1111,'adjustment','名詞\r','調整、適応'),(1112,'administer','動詞\r','管理する'),(1113,'administration','名詞\r','行政，管理'),(1114,'admirer','名詞\r','賞賛者'),(1115,'adoministrator','名詞\r','行政官'),(1116,'adorable','動詞\r','賞賛すべき、ほれぼれするような'),(1117,'adore','動詞\r','崇拝する'),(1118,'advance','動詞\r','進む、前進する'),(1119,'advantageous','形容詞\r','有利な'),(1120,'advent','名詞\r','到来'),(1121,'adverb clause','名詞\r','副詞節'),(1122,'adversity','名詞\r','逆境，不運'),(1123,'advert to','熟語\r','に触れる・言及する'),(1124,'advocate','名詞\r','主唱者'),(1125,'aesthetic','形容詞\r','美的な'),(1126,'affection','名詞\r','愛情'),(1127,'affective','形容詞\r','感情的な'),(1128,'affiliate','動詞\r','～に加入する、加入させる'),(1129,'affinity','名詞\r','類似性'),(1130,'affirmation','名詞\r','主張、断言、確認・確証・肯定化'),(1131,'affirmative','形容詞\r','肯定的な'),(1132,'affluent','形容詞\r','豊富な，裕福な'),(1133,'afterward','接続詞\r','その後に'),(1134,'agency','名詞\r','代理店'),(1135,'agenda','名詞\r','協議事項・問題'),(1136,'aggregate','名詞\r','集める、集まる、集合、総数'),(1137,'aggressive','形容詞\r','攻撃的な'),(1138,'aging','名詞\r','加齢'),(1139,'agony','名詞\r','苦悩，苦しみ'),(1140,'agreed-on','動詞\r','一致した'),(1141,'airy','形容詞\r','空気の、風通しの良い'),(1142,'aisle','名詞\r','通路'),(1143,'akin','形容詞\r','同族の'),(1144,'alert','形容詞\r','警戒、用心深い'),(1145,'alert','形容詞\r','油断のない'),(1146,'algebra','名詞\r','代数学'),(1147,'algebraic','形容詞\r','代数の'),(1148,'alien','形容詞\r','相いれないの、異国の、異質の'),(1149,'alienate','動詞\r','～を阻害する'),(1150,'alienation','名詞\r','疎外感'),(1151,'align','動詞\r','一直線上に並べる'),(1152,'all at once','熟語\r','突然'),(1153,'all in all','熟語\r','大体において'),(1154,'all the beter because','熟語\r','～であるからこそよけいに'),(1155,'alleged','形容詞\r','真偽の疑わしい'),(1156,'allegiance','名詞\r','忠義・忠誠・献身'),(1157,'all-embracing','形容詞\r','包括的な'),(1158,'allied','形容詞\r','同盟の、類似の'),(1159,'allocate','動詞\r','分配する、割り当てる'),(1160,'allot','動詞\r','を割り当てる'),(1161,'allow for','熟語\r','～から値引きする・見込んでおく'),(1162,'allowance','名詞\r','手当て，小遣い，斟酌'),(1163,'ally','動詞\r','同盟させる'),(1164,'alteration','名詞\r','変化・変更'),(1165,'alternative','形容詞\r','どちらか一方の'),(1166,'altitude','名詞\r','高度，標高'),(1167,'altruistic','形容詞\r','利他的な'),(1168,'amateur','名詞\r','素人'),(1169,'ambiguous','形容詞\r','あいまいな，不明瞭な'),(1170,'amenable','形容詞\r','～に従いやすい'),(1171,'amiable','形容詞\r','愛想の良い'),(1172,'amid','副詞\r','の真ん中に'),(1173,'among other things','熟語\r','とりわけ'),(1174,'amount to -','熟語\r','合計～になる、結局～となる'),(1175,'amplify','動詞\r','拡大する・詳説する'),(1176,'amplitude','名詞\r','大きさ、豊かさ、振幅'),(1177,'anachronistic','形容詞\r','時代錯誤の'),(1178,'analogous','動詞\r','類似した'),(1179,'analogy','名詞\r','類推，類似'),(1180,'anarchy','名詞\r','無政府状態'),(1181,'anatomy','名詞\r','解剖'),(1182,'anchor','名詞\r','いかり，最終ランナー'),(1183,'and vice versa','副詞\r','その逆'),(1184,'anecdote','名詞\r','逸話'),(1185,'angrily','副詞\r','怒って'),(1186,'anguish','名詞\r','苦痛'),(1187,'angular','形容詞\r','角の、角度の'),(1188,'animate','動詞\r','活気を与える'),(1189,'annex','動詞\r','添加・合弁する'),(1190,'annihilate','動詞\r','を絶滅させる'),(1191,'anniversary','名詞\r','記念日'),(1192,'annotate','動詞\r','注釈を付ける'),(1193,'annoyance','名詞\r','不快感'),(1194,'anomie','名詞\r','没価値状況'),(1195,'anonymous','形容詞\r','匿名の，作者不明の'),(1196,'answerable','動詞\r','答えられる、責任のある'),(1197,'antagonistic to -','動詞\r','矛盾する'),(1198,'antecedent','形容詞\r','推定的な'),(1199,'antecedent','名詞\r','先行・優先'),(1200,'anthropologist','名詞\r','人類学者'),(1201,'anticipate','動詞\r','を予想する'),(1202,'antipathy','名詞\r','反感'),(1203,'antiquarian','名詞\r','古物収集家'),(1204,'antiquity','名詞\r','古代'),(1205,'antonym','名詞\r','反意語'),(1206,'appal','動詞\r','ぞっとさせる'),(1207,'apparatus','名詞\r','装置，器具'),(1208,'apparent','形容詞\r','明白な'),(1209,'append','動詞\r','～を書き添える'),(1210,'applaud','動詞\r','に拍手する'),(1211,'applause','名詞\r','拍手かっさい<'),(1212,'apply','動詞\r','利用・応用する、適用する'),(1213,'apply for','熟語\r','に申し込む'),(1214,'apply to','熟語\r','に適用される、あてはまる'),(1215,'appraisal','名詞\r','見積もり、評価'),(1216,'apprehend','動詞\r','懸念する'),(1217,'apprehension','名詞\r','理解，懸念'),(1218,'apprehensive','動詞\r','気遣っている、懸念している'),(1219,'appropriate','形容詞\r','適切な，ふさわしい'),(1220,'aptly','副詞\r','適切に、相応しく'),(1221,'aqueous','形容詞\r','水の'),(1222,'arbitrary','形容詞\r','任意の，独断的な'),(1223,'architectural','形容詞\r','建築の'),(1224,'ardent','形容詞\r','熱心な'),(1225,'arguable','形容詞\r','議論の余地のある'),(1226,'argumentative','形容詞\r','議論的な、議論好きな'),(1227,'aricature','名詞\r','戯画，風刺画'),(1228,'aristocracy','名詞\r','貴族階級'),(1229,'armament','名詞\r','軍備，軍事力'),(1230,'arousal','名詞\r','覚醒、喚起'),(1231,'arouse','動詞\r','目覚めさせる，を(感情を)刺激する'),(1232,'array','動詞\r','配列、配列する'),(1233,'arrest','動詞\r','逮捕する'),(1234,'arrogant','形容詞\r','横柄な，尊大な'),(1235,'articulate','形容詞\r','明晰な、明せきに話す'),(1236,'artifact','名詞\r','人工物、人工遺物'),(1237,'artifactual','形容詞\r','人為的な'),(1238,'artisan','名詞\r','職人'),(1239,'artistically','副詞\r','芸術的に'),(1240,'as a matter of fact','熟語\r','実のところは'),(1241,'as concerns -','熟語\r','～については'),(1242,'as cool as a cucumber','熟語\r','落ち着き払って'),(1243,'as early as -','熟語\r','すでに早くも～には'),(1244,'as good as -','熟語\r','～も同然で'),(1245,'as it is','熟語\r','実情は・そのままで'),(1246,'as opposed to -','熟語\r','～に対立する物としての'),(1247,'as things worked out','熟語\r','結局のとこる'),(1248,'as yet','熟語\r','今までの所'),(1249,'ascend','動詞\r','登る'),(1250,'ascertain','動詞\r','確認する'),(1251,'ascribe','動詞\r','を～のせいにする'),(1252,'ashore','副詞\r','陸上に'),(1253,'aspect','名詞\r','側面，様子，顔つき'),(1254,'aspiration','名詞\r','熱望、大志'),(1255,'aspire','動詞\r','熱望する'),(1256,'aspire after -','熟語\r','～を望む'),(1257,'assault','動詞\r','を襲う'),(1258,'assembly','動詞\r','組み立てる'),(1259,'assembly line','名詞\r','流れ作業列'),(1260,'assent','動詞\r','賛成する'),(1261,'assess','動詞\r','評価する'),(1262,'assessor','名詞\r','査定者'),(1263,'asset','名詞\r','財産・資産'),(1264,'assign','動詞\r','割り当てる，を任命する'),(1265,'assignment','名詞\r','割り当て、任命、課題'),(1266,'assimilate','動詞\r','を同化する'),(1267,'assistant professor','名詞\r','助教授'),(1268,'associate professor','名詞\r','準教授'),(1269,'association','名詞\r','連想、協会、交際'),(1270,'assuage','動詞\r','緩和する・和らげる'),(1271,'assurance','名詞\r','確信、保証'),(1272,'assure','動詞\r','確信させる・保証する'),(1273,'astound','動詞\r','をびっくり仰天させる'),(1274,'astray','形容詞\r','道に迷った'),(1275,'astute','形容詞\r','機敏な'),(1276,'asymmetric','形容詞\r','非対称の'),(1277,'asynchronous','形容詞\r','非共時的な'),(1278,'at best','熟語\r','せいぜい'),(1279,'at first hand','熟語\r','直接に、直に'),(1280,'at home','熟語\r','くつろいで、精通して'),(1281,'at large','熟語\r','全体として、詳しく'),(1282,'at last','熟語\r','遂に、結局'),(1283,'at length','熟語\r','結局・遂に'),(1284,'at longest','熟語\r','長くても・せいぜい'),(1285,'at pains to do','熟語\r','～しようと骨を折る'),(1286,'at rest','熟語\r','休息して、静止して'),(1287,'at the time','熟語\r','その時'),(1288,'at the worst','熟語\r','悪くても'),(1289,'at variance with -','熟語\r','～と矛盾して'),(1290,'at will','熟語\r','随意に'),(1291,'athlete','名詞\r','運動者、競技者'),(1292,'athletic','形容詞\r','運動競技の'),(1293,'Atlantic','形容詞\r','大西洋の'),(1294,'atmos','名詞\r','水蒸気'),(1295,'atop','副詞\r','頂上に'),(1296,'atrophy','名詞\r','萎縮・衰退・退化'),(1297,'attached','動詞\r','愛情を持っている'),(1298,'attend to','熟語\r','～に専心する'),(1299,'attendant','名詞\r','付添人・出席者'),(1300,'attentive','形容詞\r','注意深い、思いやりのある'),(1301,'attentiveness','名詞\r','注意深さ・親切さ'),(1302,'attest','動詞\r','証拠になる'),(1303,'attract','動詞\r','引きつける'),(1304,'attractiveness','名詞\r','魅力,引力'),(1305,'attribute','動詞\r','帰属させる'),(1306,'attun to','熟語\r','調子を合わせる'),(1307,'attune to','熟語\r','順応させる'),(1308,'audible','動詞\r','聞き取れる'),(1309,'augment','動詞\r','増やす'),(1310,'autbiography','名詞\r','自伝'),(1311,'authority','名詞\r','権威'),(1312,'authorship','名詞\r','原作者'),(1313,'autocratic','形容詞\r','独裁的な'),(1314,'autonomic nervous system','名詞\r','自律神経系'),(1315,'autonomous','形容詞\r','自治権のある、自律的な'),(1316,'avail','動詞\r','役立つ'),(1317,'avenge','動詞\r','復讐をする'),(1318,'aversion','名詞\r','嫌悪'),(1319,'avert','動詞\r','(目を)そむける'),(1320,'aviation','名詞\r','飛行'),(1321,'avid','形容詞\r','熱心な、貪欲な'),(1322,'avowal','名詞\r','公言'),(1323,'await','動詞\r','～を待つ'),(1324,'award','動詞\r','授与する'),(1325,'award','名詞\r','賞，賞品'),(1326,'awe','動詞\r','恐れさせる'),(1327,'awkward','形容詞\r','まずい、不器用な'),(1328,'awkwardness','名詞\r','不器用さ、扱いにくさ'),(1329,'axis','名詞\r','軸'),(1330,'babysit','動詞\r','子供の世話をする'),(1331,'bachelor','名詞\r','[学士'),(1332,'backbone','名詞\r','背骨'),(1333,'baffle','動詞\r','困惑させる'),(1334,'bait','名詞\r','えさ，わな'),(1335,'ballad','名詞\r','民謡'),(1336,'ban','動詞\r','(法的に)禁止する'),(1337,'band','名詞\r','バンド'),(1338,'bang','動詞\r','～をドンと打つ'),(1339,'banish','動詞\r','追放する'),(1340,'banner','名詞\r','旗'),(1341,'barbarian','名詞\r','未開人'),(1342,'bare','動詞\r','裸にする'),(1343,'bareheaded','副詞\r','無帽の,無帽で'),(1344,'barely','副詞\r','かろうじて，ようやく'),(1345,'bargain','名詞\r','バーゲン'),(1346,'barren','形容詞\r','不毛の'),(1347,'barrier','名詞\r','障害，防壁'),(1348,'barter','動詞\r','物々交換する'),(1349,'basis of comparison','名詞\r','比較基準'),(1350,'battalion','名詞\r','大隊・大軍'),(1351,'be addicted to','熟語\r','没頭する'),(1352,'be allied to','熟語\r','と同類である'),(1353,'be committed to','熟語\r','専念する'),(1354,'be compatible with','熟語\r','と両立できる'),(1355,'be compelled to do','熟語\r','せざるを得ない'),(1356,'be concerned about','熟語\r','心配する'),(1357,'be concerned with -','熟語\r','に関心を持つ'),(1358,'be considerate of','熟語\r','に思いやりを持つ'),(1359,'be deficient in','熟語\r','不足している'),(1360,'be determined to -','熟語\r','しようと決心する'),(1361,'be devoid of','熟語\r','を欠いている'),(1362,'be disposed to do','熟語\r','する気がある'),(1363,'be due to','熟語\r','(原因)のためで'),(1364,'be expressive of','熟語\r','を表現する'),(1365,'be fair with','熟語\r','公正である'),(1366,'be fond of ','熟語\r','が好き'),(1367,'be forgetful of','熟語\r','をほっておく'),(1368,'be hard up for -','熟語\r','がないので困っている'),(1369,'be involment with','熟語\r','に関与している'),(1370,'be involved in','熟語\r','と関連している'),(1371,'be keen on','熟語\r','に夢中になってる'),(1372,'be on the point of','熟語\r','本当に～しようとしている'),(1373,'be open to question','熟語\r','疑問の余地がある'),(1374,'be prepared to do','熟語\r','喜んで～する'),(1375,'be ready with','熟語\r','即座の～である'),(1376,'be relevant to -','熟語\r','と関連している'),(1377,'be responsible for -','熟語\r','の原因である'),(1378,'be supposed to do','熟語\r','することになっている'),(1379,'be taken to do','熟語\r','すると考えられている'),(1380,'be tired of -','熟語\r','に飽きている'),(1381,'be tolerant of -','熟語\r','を容認する'),(1382,'be under way','熟語\r','進行中である'),(1383,'beard','名詞\r','あごひげ'),(1384,'bearer','名詞\r','運搬食・有職者'),(1385,'bearing','名詞\r','態度，関係，我慢'),(1386,'beat','動詞\r','～をたたく、打ちまかす'),(1387,'beckon','動詞\r','に手招きする'),(1388,'beehive','名詞\r','蜜蜂の巣'),(1389,'beetle','名詞\r','カブト虫'),(1390,'beggar','名詞\r','こじき'),(1391,'beguile','動詞\r','だます、紛らわす、慰める'),(1392,'behold','動詞\r','見る、眺める'),(1393,'beloved','名詞\r','最愛の'),(1394,'bend over -','熟語\r','～に屈み込む'),(1395,'benign','形容詞\r','なさけ深い, 親切な; (気候が)温和な; さいさきのよい'),(1396,'bent','形容詞\r','曲がった'),(1397,'bent','名詞\r','好み，心の傾向'),(1398,'bereaucratic','形容詞\r','官僚主義的な'),(1399,'beset','動詞\r','を包囲する'),(1400,'beside onself','熟語\r','我を忘れて'),(1401,'besides','接続詞\r','その上，さらに'),(1402,'bestow','動詞\r','を授ける'),(1403,'betray','動詞\r','を裏切る、(秘密)をもらす'),(1404,'betrayal','名詞\r','裏切り'),(1405,'beware','動詞\r','に用心する'),(1406,'bewilder','名詞\r','を困惑させる'),(1407,'bias','名詞\r','偏見'),(1408,'bibliography','名詞\r','目録'),(1409,'bid','動詞\r','値をつける，に命じる'),(1410,'bifurcation','名詞\r','分岐'),(1411,'bill','名詞\r','請求書、くちばし'),(1412,'billion','名詞\r','10億'),(1413,'bind','動詞\r','しばる, くくる; しばりつける ((to)); 束ねる ((up)); 結び付ける ((together)); 巻く; 包帯を巻く'),(1414,'blame','動詞\r','～を非難する'),(1415,'bland','形容詞\r','温和な、穏やかな'),(1416,'bleak','形容詞\r','寒々とした，わびしい'),(1417,'blend','動詞\r','混ぜる'),(1418,'blink','動詞\r','まばたきする'),(1419,'bliss','名詞\r','至福'),(1420,'blizzard','名詞\r','吹雪'),(1421,'bloat','動詞\r','膨れる、ふくれさせる'),(1422,'block','動詞\r','～を妨げる、防ぐ'),(1423,'blood vessels','名詞\r','血管'),(1424,'bloodstream','名詞\r','血液'),(1425,'bloody','形容詞\r','血まみれの、残酷な'),(1426,'blot','名詞\r','汚れ、汚点'),(1427,'blow','動詞\r','吹く、爆発する'),(1428,'blunder','動詞\r','やりそこなう'),(1429,'blunt','形容詞\r','鈍い、そっけない'),(1430,'blur','動詞\r','曇らせる、ぼやけさせる'),(1431,'board','名詞\r','板'),(1432,'bobsled','名詞\r','ボブスレー'),(1433,'bondage','名詞\r','束縛，奴隷の身'),(1434,'boom','動詞\r','ブームになる'),(1435,'boost','動詞\r','押し上げる，を吊り上げる'),(1436,'booth','名詞\r','ブーズ、個室、屋台'),(1437,'botanic','形容詞\r','植物の'),(1438,'bough','名詞\r','大枝'),(1439,'boundary','名詞\r','境界'),(1440,'bourgeoisie','名詞\r','市民階級、中産階級'),(1441,'bowel','名詞\r','腸'),(1442,'brace','名詞\r','止め金・大括弧'),(1443,'bracken','動詞\r','黒くする'),(1444,'bracket','名詞\r','括弧'),(1445,'brand','名詞\r','商標、銘柄'),(1446,'brass','名詞\r','真鍮(ちゅう)(製のもの); (the ～) ((単複両扱い)) 金管楽器'),(1447,'breach','名詞\r','違反，絶交'),(1448,'breadth','名詞\r','幅'),(1449,'break up','動詞\r','解体する、バラバラにする'),(1450,'break with -','動詞\r','中断する'),(1451,'breakdown','名詞\r','破損'),(1452,'breakdown','名詞\r','衰弱，故障'),(1453,'breakthrough','名詞\r','前進、躍進'),(1454,'breast','名詞\r','胸'),(1455,'breeze','名詞\r','そよ風'),(1456,'brew','動詞\r','醸造する'),(1457,'bribe','名詞\r','わいろ'),(1458,'brilliant','形容詞\r','光輝く・立派な'),(1459,'bring in','動詞\r','持ち込む'),(1460,'bring together','動詞\r','まとめる'),(1461,'brisk','形容詞\r','快活な，きびきびした'),(1462,'brood','動詞\r','思案する'),(1463,'brook','名詞\r','小川'),(1464,'brow','名詞\r','表情、眉'),(1465,'bruise','名詞\r','打撲傷'),(1466,'brusque','形容詞\r','無愛想な'),(1467,'brutal','形容詞\r','野蛮な，残酷な'),(1468,'brute','名詞\r','けもの，残忍な人'),(1469,'Buddhism','名詞\r','仏教'),(1470,'budget','名詞\r','予算，経費'),(1471,'buffalo','名詞\r','水牛'),(1472,'bulk','名詞\r','かさ，容積'),(1473,'bull session','名詞\r','自由討論・無駄話'),(1474,'bullet','名詞\r','弾丸'),(1475,'bulletin','名詞\r','公報，告示'),(1476,'bump','動詞\r','追突、追突する'),(1477,'bundle','名詞\r','包み，束'),(1478,'burdensome','形容詞\r','厄介な、重荷になる'),(1479,'bureau','名詞\r','局、事務所'),(1480,'bustle','動詞\r','混雑する，忙しく働く'),(1481,'butcher','名詞\r','肉屋'),(1482,'by a hair','熟語\r','少し'),(1483,'by and by','熟語\r','やがて'),(1484,'by degrees','熟語\r','次第に'),(1485,'by dint of','熟語\r','～によって'),(1486,'by halves','熟語\r','中途半端に'),(1487,'by no means','熟語\r','決して～ではない'),(1488,'by virtue of -','熟語\r','～によって、～のおかげで'),(1489,'bygone','副詞\r','過ぎ去った'),(1490,'by-product','名詞\r','副産物、副作用'),(1491,'calamity','名詞\r','災難'),(1492,'calculate','動詞\r','～を計算する'),(1493,'calmness','名詞\r','冷静・静けさ'),(1494,'campaign','名詞\r','キャンペーン'),(1495,'can not possibly','形容詞\r','決してあり得ない'),(1496,'candid','形容詞\r','率直な'),(1497,'cannon','名詞\r','大砲'),(1498,'canvas','名詞\r','キャンバス、画布'),(1499,'capitalist','名詞\r','資本家'),(1500,'capitalize','名詞\r','～を資本化する・利用する'),(1501,'capricious','形容詞\r','気まぐれな'),(1502,'capsule','名詞\r','カプセル、要約'),(1503,'captivate','動詞\r','悩殺する'),(1504,'capture','名詞\r','捕獲、占拠'),(1505,'carcinogen','名詞\r','発ガン物質'),(1506,'career','名詞\r','経歴'),(1507,'carry through','動詞\r','成し遂げる'),(1508,'cast off','動詞\r','放棄する、見捨てる'),(1509,'castle','名詞\r','城'),(1510,'casually','副詞\r','偶然に'),(1511,'catastrophe','名詞\r','惨事、破局'),(1512,'catch on','熟語\r','を捕まえる'),(1513,'catch up','熟語\r','を急につかむ'),(1514,'catch up with','熟語\r','に追いつく'),(1515,'categorical','形容詞\r','範疇的・絶対的な'),(1516,'cathedral','名詞\r','大聖堂'),(1517,'caution','名詞\r','用心、警告'),(1518,'cautious','形容詞\r','用心深い'),(1519,'celebration','名詞\r','祝賀'),(1520,'celestial','形容詞\r','神々しい、天上の'),(1521,'celler','名詞\r','地下室'),(1522,'census','名詞\r','国勢調査'),(1523,'centigrade','名詞\r','摂氏'),(1524,'centralize','動詞\r','中心に集める、中央集権化する'),(1525,'cerebellum','名詞\r','小脳'),(1526,'ceremony','名詞\r','式典'),(1527,'certificate','名詞\r','証明証・免許証'),(1528,'certify','動詞\r','保証する、証明する'),(1529,'challenge','名詞\r','挑戦、課題'),(1530,'chamber','名詞\r','会議所、部屋'),(1531,'chaos','名詞\r','混沌'),(1532,'characteristic','形容詞\r','特有の'),(1533,'characterize','動詞\r','～の特性を記述する'),(1534,'charge','動詞\r','請求する、を突撃する、を告発する'),(1535,'charge','名詞\r','突撃、料金、世話、告発'),(1536,'charitable','形容詞\r','慈悲深い'),(1537,'chase after -','動詞\r','～の後を追う'),(1538,'cheat','動詞\r','だます'),(1539,'cheer','動詞\r','元気づける、にかっさいする'),(1540,'chemist','名詞\r','薬屋'),(1541,'cherish','動詞\r','大事にする、を心に抱く'),(1542,'chest','名詞\r','箱、胸'),(1543,'chestnut','名詞\r','くり'),(1544,'chill','名詞\r','冷たさ、冷淡'),(1545,'chimney','名詞\r','煙突'),(1546,'chin','名詞\r','あご'),(1547,'chisel','名詞\r','のみ（大工道具）'),(1548,'choke','動詞\r','窒息させる'),(1549,'chore','名詞\r','毎日の決まりきった仕事'),(1550,'chronic','形容詞\r','常習の・慢性の'),(1551,'chronically','形容詞\r','慢性的に'),(1552,'chuckle','動詞\r','くすくす笑う'),(1553,'circuit','名詞\r','回路、迂回'),(1554,'circular','形容詞\r','円形の'),(1555,'circulate','動詞\r','循環する、広まる'),(1556,'cite','動詞\r','引用する、引証する、列挙する'),(1557,'clamor','名詞\r','騒がしい声'),(1558,'clarity','形容詞\r','明白な'),(1559,'classify','動詞\r','分類する'),(1560,'clergyman','名詞\r','牧師'),(1561,'clerical','形容詞\r','書記の'),(1562,'clerk','名詞\r','店員、事務員'),(1563,'click','動詞\r','かちっ（と鳴る、と鳴らす）;'),(1564,'client','名詞\r','依頼人、顧客'),(1565,'cliff','名詞\r','崖・断崖'),(1566,'clinician','名詞\r','臨床医'),(1567,'clue','名詞\r','手がかり'),(1568,'clumsy','形容詞\r','不器用な'),(1569,'cluster','名詞\r','一群、集団'),(1570,'clutch','動詞\r','しっかりと握る'),(1571,'coarse','形容詞\r','粗い、粗野な'),(1572,'coast guard','名詞\r','沿岸警備隊'),(1573,'code','名詞\r','暗号、符号、法典'),(1574,'co-education','名詞\r','男女共学'),(1575,'coercive','形容詞\r','強制的な'),(1576,'coexist','動詞\r','共存する'),(1577,'coffin','名詞\r','棺'),(1578,'cognizance','名詞\r','認識、知覚'),(1579,'coherent','形容詞\r','密着した、首尾一貫した'),(1580,'cohesion','名詞\r','密着、凝集'),(1581,'cohesive','形容詞\r','凝集力のある'),(1582,'coincide','形容詞\r','一致する、同時に起こる'),(1583,'coincidental','形容詞\r','偶然一致の'),(1584,'collaborative','形容詞\r','共同研究の'),(1585,'colleague','名詞\r','同僚'),(1586,'collectivism','名詞\r','集産主義'),(1587,'collide','動詞\r','衝突する'),(1588,'collision','名詞\r','衝突'),(1589,'collocation','名詞\r','連語'),(1590,'collusion','名詞\r','共謀'),(1591,'colossa','形容詞\r','巨大な'),(1592,'come from -','熟語\r','に原因がある'),(1593,'come in','熟語\r','入る、登場する'),(1594,'come off','熟語\r','抜ける、はずれる、うまくいく'),(1595,'come to pass','熟語\r','起こる'),(1596,'comet','名詞\r','すい星'),(1597,'comformity','名詞\r','服従'),(1598,'comfort','名詞\r','慰め'),(1599,'comit crimes','熟語\r','罪を犯す'),(1600,'command','動詞\r','命令・統制・支配する'),(1601,'commemorate','熟語\r','を祝う'),(1602,'comment','名詞\r','注解、評論'),(1603,'commercialism','名詞\r','商業主義'),(1604,'commit A to B','動詞\r','ＡをＢに委任・委託・委ねる'),(1605,'commodity','名詞\r','商品、日用品'),(1606,'commonplace','形容詞\r','ありふれた、平凡な'),(1607,'commonwealth','名詞\r','共和国'),(1608,'communal','形容詞\r','全住民参加の'),(1609,'communism','名詞\r','共産主義'),(1610,'commutation','名詞\r','交換'),(1611,'company','名詞\r','交際、仲間'),(1612,'comparable','動詞\r','比較しうる ((with, to)); 匹敵する ((to))'),(1613,'compare A with B','動詞\r','ＡとＢとを比較する'),(1614,'compartment','名詞\r','仕切った部屋'),(1615,'compassion','名詞\r','哀れみ、同情'),(1616,'compatibility','名詞\r','適合性、一致性'),(1617,'compatible','形容詞\r','両立できる、矛盾しない'),(1618,'compensate','形容詞\r','補償する、埋め合わせをする'),(1619,'competence','名詞\r','能力'),(1620,'compilation','名詞\r','編集'),(1621,'complaint','名詞\r','不満、病気'),(1622,'complementary','形容詞\r','補足的、相補的な'),(1623,'completion','名詞\r','完成・終了'),(1624,'complexity','名詞\r','複雑性'),(1625,'complicate','動詞\r','を複雑にする'),(1626,'complicated','形容詞\r','複雑な'),(1627,'compliment','名詞\r','賛辞'),(1628,'comply with -','熟語\r','～に従う'),(1629,'component','名詞\r','構成要素'),(1630,'composer','名詞\r','作曲家'),(1631,'composition','名詞\r','構成、合成、混合物、合成物'),(1632,'comprehend','動詞\r','を理解する、を包括する'),(1633,'comprehensible','形容詞\r','理解可能な'),(1634,'comprehension','名詞\r','理解・包括'),(1635,'compromise','名詞\r','妥協'),(1636,'compulsion','名詞\r','強制'),(1637,'compulsive','形容詞\r','強制的な'),(1638,'compute','動詞\r','～を計算する'),(1639,'comrade','名詞\r','仲間'),(1640,'concede','動詞\r','～を認める、譲歩する'),(1641,'conceit','名詞\r','うぬぼれ'),(1642,'conceivable','副詞\r','おそらく、考えられる、想像できる'),(1643,'conceive of -','熟語\r','を理解する'),(1644,'concel','名詞\r','助言・相談'),(1645,'conception','名詞\r','概念、着想'),(1646,'concern','動詞\r','関係がある、関心を持たせる'),(1647,'concern with -','熟語\r','に関係する'),(1648,'concise','形容詞\r','簡潔な'),(1649,'conclusive','形容詞\r','決定的な'),(1650,'concomitant','名詞\r','付随物、同伴物'),(1651,'concrete','形容詞\r','具体的な'),(1652,'condemnation','名詞\r','非難'),(1653,'conditional','形容詞\r','条件付きの'),(1654,'condolence','名詞\r','見舞い'),(1655,'conduction','名詞\r','伝導'),(1656,'cone','名詞\r','円錐'),(1657,'confederate','形容詞\r','同盟した'),(1658,'configuration','名詞\r','配置、輪郭、形態'),(1659,'confirm','動詞\r','確認する、強固にする'),(1660,'confirmation','名詞\r','確証'),(1661,'conflict','動詞\r','対立・衝突する'),(1662,'conform to','熟語\r','一致する・適合する'),(1663,'conformity','名詞\r','一致・適合・同調行動'),(1664,'confound','動詞\r','混同する、当惑させる'),(1665,'confuse','動詞\r','混乱させる・混同する'),(1666,'congenital','形容詞\r','先天的な'),(1667,'congress','名詞\r','議会'),(1668,'congressman','名詞\r','国会議員'),(1669,'congruent','形容詞\r','合同の・一致した・適合した'),(1670,'conjecture','動詞\r','推量する'),(1671,'conjunctive','名詞\r','接続詞'),(1672,'conjure up','熟語\r','～を呼び起こす'),(1673,'connotation','名詞\r','内包、含意'),(1674,'conqueror','名詞\r','征服者'),(1675,'conquest','名詞\r','征服'),(1676,'conscience','名詞\r','良心、道徳心'),(1677,'consensus','名詞\r','意見の一致'),(1678,'conservative','形容詞\r','保守的な'),(1679,'consider doing','熟語\r','しようかと考える'),(1680,'consistently','副詞\r','耐えず、一貫して'),(1681,'console','動詞\r','を慰める'),(1682,'conspicuous','動詞\r','目立つ'),(1683,'constituent','名詞\r','構成要素、成分'),(1684,'constitute','動詞\r','構成する、を制定する'),(1685,'constitution','名詞\r','構成、体質、憲法'),(1686,'constraint','名詞\r','強制、制約、拘束'),(1687,'construction','名詞\r','建造、構造'),(1688,'consuming','動詞\r','消費する、燃えつくすほどの'),(1689,'contagion','名詞\r','伝染'),(1690,'contain','動詞\r','含む'),(1691,'containment','名詞\r','抑制'),(1692,'contemporary','形容詞\r','同時代の'),(1693,'contempt','名詞\r','軽蔑'),(1694,'contemptible','形容詞\r','軽蔑すべき'),(1695,'contemptuous','形容詞\r','軽蔑した'),(1696,'contented','形容詞\r','満足した'),(1697,'contentious','形容詞\r','異論のある'),(1698,'context','名詞\r','文脈、前後関係'),(1699,'contingency','名詞\r','偶然性・付随性'),(1700,'contingent on','動詞\r','～次第である'),(1701,'continually','副詞\r','耐えず・継時的に'),(1702,'continuation','名詞\r','継続'),(1703,'continuous','形容詞\r','連続的な'),(1704,'continuum','名詞\r','連続性'),(1705,'contract','名詞\r','契約'),(1706,'contraction','名詞\r','収縮、契約'),(1707,'contradict','動詞\r','否認する'),(1708,'contrary','形容詞\r','反対の'),(1709,'contrive','動詞\r','考案する、をたくらむ'),(1710,'controversy','名詞\r','論議、論争'),(1711,'convention','名詞\r','慣例、大会、協定'),(1712,'conviction','名詞\r','信念・確信・説得'),(1713,'cooperate with -','動詞\r','と協力する'),(1714,'cordial','副詞\r','心からの'),(1715,'core','名詞\r','芯、核'),(1716,'corespondence','名詞\r','通信'),(1717,'corporate','形容詞\r','法人の、共通の'),(1718,'corporation','名詞\r','法人・会社'),(1719,'correlation','名詞\r','相互関係、相関'),(1720,'correspondence with','名詞\r','文通'),(1721,'corresponding','動詞\r','対応する'),(1722,'corridor','名詞\r','廊下'),(1723,'corroborate','動詞\r','確証となる、確証する'),(1724,'corrupt','動詞\r','堕落させる、を買収する'),(1725,'cosmos','名詞\r','宇宙、秩序'),(1726,'costly','形容詞\r','高価な'),(1727,'council','名詞\r','会議、議会'),(1728,'count for','熟語\r','～するだけの価値がある'),(1729,'counsel','名詞\r','助言、相談'),(1730,'count','動詞\r','数える、重要である、をみなす'),(1731,'count as','熟語\r','数える,見なす'),(1732,'count on','熟語\r','を当てにする・頼る'),(1733,'countenance','名詞\r','顔つき'),(1734,'counterpart','名詞\r','対照物、片われ'),(1735,'countless','形容詞\r','無数の'),(1736,'courageous','形容詞\r','勇敢な'),(1737,'court','名詞\r','法廷'),(1738,'courteous','形容詞\r','礼儀正しい'),(1739,'courtship','名詞\r','求愛、求婚'),(1740,'coverage','名詞\r','報道の規模'),(1741,'coward','名詞\r','臆病者'),(1742,'co-worker','名詞\r','同僚'),(1743,'crack','名詞\r','ひび'),(1744,'crackle','動詞\r','ぱちぱち音を立てる'),(1745,'cradle','名詞\r','ゆりかご、幼年時代'),(1746,'craft','名詞\r','技術'),(1747,'craft','名詞\r','技術、工芸'),(1748,'cranium','名詞\r','頭蓋'),(1749,'crease','名詞\r','ひだ、しわ'),(1750,'credible','形容詞\r','信用できる'),(1751,'credulous','形容詞\r','信じやすい、だまされやすい'),(1752,'creed','名詞\r','信条、教条'),(1753,'creep','動詞\r','はう・忍び足であるく'),(1754,'creep','動詞\r','はって進む'),(1755,'criminal','名詞\r','犯罪者'),(1756,'criterion','名詞\r','基準'),(1757,'criterion variable','名詞\r','基準変量'),(1758,'crucial','形容詞\r','決定的な、重要な'),(1759,'crude','形容詞\r','天然の、粗雑な'),(1760,'crush','動詞\r','押しつぶす、つぶれる'),(1761,'crust','名詞\r','皮、外皮'),(1762,'crustal plate','名詞\r','構造プレート'),(1763,'crystal','名詞\r','水晶、結晶'),(1764,'crystallize','動詞\r','結晶化する'),(1765,'cucumber','名詞\r','キュウリ'),(1766,'cunning','形容詞\r','ずるい'),(1767,'cupboard','名詞\r','食器戸棚'),(1768,'curative','形容詞\r','治療用の、治療に効果のある'),(1769,'curb','動詞\r','抑える'),(1770,'curly','形容詞\r','カールした'),(1771,'currency','名詞\r','通貨・流通・通用'),(1772,'current','形容詞\r','現在の、流行の'),(1773,'curse','名詞\r','のろい、悪口'),(1774,'curse','動詞\r','呪う、悪態をつく'),(1775,'cursory','形容詞\r','粗略な'),(1776,'curtail','動詞\r','省略する、短縮する'),(1777,'customarily','副詞\r','習慣的に'),(1778,'damn','動詞\r','地獄に落とす'),(1779,'damp','形容詞\r','じめじめした'),(1780,'dampen','動詞\r','冷ます'),(1781,'dampish','形容詞\r','湿った'),(1782,'daring','形容詞\r','大胆な、向こう見ずな'),(1783,'dart','動詞\r','投げる'),(1784,'dawn','動詞\r','夜が明ける'),(1785,'day-to-day','熟語\r','日々の、日常の'),(1786,'dazzle','動詞\r','の目をくらませる'),(1787,'dead','副詞\r','ひどく、まったく、突然'),(1788,'deadline','名詞\r','締切'),(1789,'deadly','形容詞\r','命に関わる'),(1790,'deafness','名詞\r','耳が聞こえないこと'),(1791,'deal in','熟語\r','～を商う'),(1792,'debility','名詞\r','衰弱'),(1793,'debrief','動詞\r','報告を求める'),(1794,'decay','動詞\r','腐る・衰退する'),(1795,'decent','形容詞\r','ちゃんとした、かなりの'),(1796,'decidedly','副詞\r','確かに・きっかりと'),(1797,'decode','動詞\r','暗号を解読する'),(1798,'decomposition','名詞\r','分解・腐敗'),(1799,'decree','動詞\r','(法令で)命じる'),(1800,'decrement','名詞\r','減少'),(1801,'deduce','動詞\r','推論する、演繹する'),(1802,'deduct','動詞\r','差し引く、演繹する'),(1803,'deduction','名詞\r','演繹'),(1804,'deed','名詞\r','行為、行動'),(1805,'defer','動詞\r','延期する'),(1806,'deference ','名詞\r','服従、敬意'),(1807,'defiance','名詞\r','挑戦、無視'),(1808,'deficiency','名詞\r','不足、欠陥、欠乏'),(1809,'deficient','形容詞\r','欠けた、不十分な'),(1810,'definition','名詞\r','定義'),(1811,'deformity','名詞\r','奇形'),(1812,'defy','動詞\r','無視する、にいどむ'),(1813,'degrade','動詞\r','降格する、の品位を落とす'),(1814,'dejected','形容詞\r','落胆した'),(1815,'delicacy','名詞\r','繊細さ'),(1816,'deligent','形容詞\r','勤勉な'),(1817,'delight','動詞\r','を喜ばせる'),(1818,'delightful','動詞\r','楽しませるような'),(1819,'delimit','動詞\r','境界を定める'),(1820,'delineat','動詞\r','描く'),(1821,'delude','動詞\r','あざむく、思い違いする'),(1822,'delusion','名詞\r','惑い、思い違い'),(1823,'delve','動詞\r','徹底して掘り下げる'),(1824,'denote','動詞\r','表す、を意味する'),(1825,'denounce','動詞\r','～を非難・告発する'),(1826,'dense','形容詞\r','濃い、密集した'),(1827,'densely','副詞\r','濃く'),(1828,'depart','動詞\r','出発する'),(1829,'department','名詞\r','部門、学部'),(1830,'depletion','名詞\r','消耗、枯渇'),(1831,'deplore','動詞\r','嘆く'),(1832,'deposit','名詞\r','預金、保証金'),(1833,'deprecate','動詞\r','～に不賛成を唱える・反対する'),(1834,'depress','動詞\r','落胆させる、を押し下げる'),(1835,'depression','名詞\r','下落; 沈下; くぼみ,不況'),(1836,'depth psychology','名詞\r','深層心理学'),(1837,'derivation','名詞\r','派生物'),(1838,'derivatively','副詞\r','派生的に'),(1839,'derive','動詞\r','引き出す'),(1840,'descend','動詞\r','降りる、伝わる、急襲する'),(1841,'descendant','名詞\r','子孫'),(1842,'desert','動詞\r','見捨てる'),(1843,'deserve','動詞\r','に値する'),(1844,'designate','動詞\r','意味する・明示する'),(1845,'desirable','動詞\r','望ましい'),(1846,'desolate','形容詞\r','荒廃した、孤独な'),(1847,'despair of -','動詞\r','に絶望する'),(1848,'desperate','形容詞\r','絶望的な'),(1849,'despise','動詞\r','軽蔑する'),(1850,'destination','名詞\r','目的地'),(1851,'destine','動詞\r','運命づける'),(1852,'destiny','名詞\r','運命'),(1853,'detachment','名詞\r','分離、公平'),(1854,'detect','動詞\r','発見する・探し当てる'),(1855,'detect','動詞\r','探知する'),(1856,'detector','名詞\r','発見者、探知機'),(1857,'deteriorate','動詞\r','悪化させる、悪化する'),(1858,'deteriorate','動詞\r','悪化する'),(1859,'determinant','名詞\r','決定要素'),(1860,'determinism','名詞\r','決定論'),(1861,'detest','動詞\r','ひどく嫌う'),(1862,'detour','名詞\r','迂回・回り道'),(1863,'detract from','熟語\r','～を減らす'),(1864,'detrimental','形容詞\r','有害な・不利益な'),(1865,'devastate','動詞\r','～を荒廃させる'),(1866,'devastation','名詞\r','荒廃'),(1867,'devoid','形容詞\r','欠けている'),(1868,'devotion','名詞\r','献身、専念'),(1869,'devour','動詞\r','むさぼり食う'),(1870,'diagram','名詞\r','縮図、一覧図'),(1871,'dialect','名詞\r','方言'),(1872,'dialectically','形容詞\r','弁証法的な'),(1873,'dialogue','名詞\r','対話'),(1874,'diametrically','副詞\r','正反対に'),(1875,'dicate','動詞\r','示す'),(1876,'dictate','動詞\r','書き取らせる、を命令する'),(1877,'diet','名詞\r','食品、ダイエット'),(1878,'differentiate','動詞\r','～を識別する、区別を立てる'),(1879,'digit','名詞\r','数字'),(1880,'dignitary','名詞\r','威厳のある人、高位な人'),(1881,'dignity','名詞\r','尊厳、威厳'),(1882,'dilapidated','形容詞\r','あれ果てた'),(1883,'dim','形容詞\r','薄暗い'),(1884,'dimly','副詞\r','ぼんやりと・薄暗く'),(1885,'dine','動詞\r','食事をする'),(1886,'dionysian','形容詞\r','ディオニソスの、奔放な'),(1887,'diplomacy','名詞\r','外交'),(1888,'dire','形容詞\r','恐ろしい・ひどい'),(1889,'disaffection','名詞\r','不平、不満'),(1890,'disagreement','名詞\r','不一致・相違'),(1891,'disarm','動詞\r','武装解除する'),(1892,'disastrous','名詞\r','大災害の'),(1893,'discard','動詞\r','捨てる'),(1894,'discern','動詞\r','見分ける'),(1895,'discipline','名詞\r','訓練、規律'),(1896,'disclose','動詞\r','あばく'),(1897,'discomfort','名詞\r','不安、不快'),(1898,'discontinuity','名詞\r','不連続'),(1899,'discourse','名詞\r','講演'),(1900,'discredit','動詞\r','疑う'),(1901,'discreet','形容詞\r','思慮深い'),(1902,'discrepancy','名詞\r','矛盾、不一致'),(1903,'discriminating','動詞\r','区別のある、識別力のある'),(1904,'discursive','形容詞\r','推論的な、論証的な'),(1905,'disdain','動詞\r','軽蔑する'),(1906,'disenchantment','名詞\r','幻滅、めざめ'),(1907,'disgrace','動詞\r','恥をかかせる'),(1908,'disguise','動詞\r','変装させる、を隠す'),(1909,'disgust','名詞\r','嫌悪'),(1910,'disignation','名詞\r','指示、明示'),(1911,'disillusion','名詞\r','幻滅'),(1912,'disintegration','名詞\r','崩壊・分解'),(1913,'dismay','名詞\r','ろうばい、落胆'),(1914,'dismay','動詞\r','狼狽させる、を失望させる'),(1915,'disobey','形容詞\r','従わない'),(1916,'disparate','形容詞\r','異なった'),(1917,'disparity','名詞\r','相違'),(1918,'dispense','動詞\r','分配する'),(1919,'displace','動詞\r','とって代わる、置き換わる'),(1920,'displaced','名詞\r','難民'),(1921,'displacement','動詞\r','置換、排除'),(1922,'disposable','動詞\r','自由に使える'),(1923,'dispose','動詞\r','配置する'),(1924,'dispose','動詞\r','配列する、をする気にさせる'),(1925,'dispose of -','熟語\r','～を処理する'),(1926,'disposition','名詞\r','配置、傾向、気質'),(1927,'disproof','名詞\r','反証・論駁'),(1928,'dispute','動詞\r','を議論する'),(1929,'disregard','動詞\r','無視する'),(1930,'disruption','名詞\r','分解、崩壊、破壊、混乱'),(1931,'dissect','動詞\r','切り裂く・解剖する・吟味する'),(1932,'dissent','名詞\r','異議・不同意'),(1933,'dissertation','名詞\r','論文、学位論文'),(1934,'dissipate','動詞\r','～を追い散らす'),(1935,'dissolve','動詞\r','溶かす、を解散する、を取り消す'),(1936,'dissonance','名詞\r','不調和'),(1937,'distasteful','形容詞\r','まずい・嫌な'),(1938,'distinct','形容詞\r','明確な・別個の'),(1939,'distinct','形容詞\r','異なった、明瞭な'),(1940,'distinctive','形容詞\r','特有の、特徴的な、弁別的な'),(1941,'distinctly','副詞\r','明瞭に・はっきりと'),(1942,'distinguished','形容詞\r','顕著な、名高い'),(1943,'distort','動詞\r','ゆがめる'),(1944,'distract','動詞\r','気をそらす'),(1945,'distraction','名詞\r','注意散漫、気晴らし、娯楽'),(1946,'distribute','動詞\r','～を分配する'),(1947,'district','名詞\r','地方・区域'),(1948,'disturbance','名詞\r','不安、騒動、妨害'),(1949,'ditch','名詞\r','溝・ほり'),(1950,'dive','動詞\r','飛び込む、潜水する'),(1951,'divergence','名詞\r','分岐、逸脱'),(1952,'divorce','名詞\r','離婚'),(1953,'dizzy','動詞\r','めまいがする、目もくらむような'),(1954,'do justice to','熟語\r','～を公正に扱う'),(1955,'do with','熟語\r','～を処理する・扱う'),(1956,'doctoral','形容詞\r','博士号の'),(1957,'doctrine','名詞\r','教義'),(1958,'document','名詞\r','文書、書類'),(1959,'doggedly','副詞\r','頑固に・頑強に'),(1960,'dogmatic','形容詞\r','独断的な、教義上の'),(1961,'doll','名詞\r','人形'),(1962,'domain','名詞\r','領土、領域'),(1963,'domestication','名詞\r','家畜化、共生'),(1964,'dominance','名詞\r','優越、支配'),(1965,'dominant','形容詞\r','有力な'),(1966,'dominate','動詞\r','支配する'),(1967,'donkey','名詞\r','ロバ'),(1968,'doom','動詞\r','運命づける'),(1969,'doom','名詞\r','運命'),(1970,'doomed','形容詞\r','悲嘆した'),(1971,'dorsal','形容詞\r','背の'),(1972,'dose','名詞\r','一服'),(1973,'downplay','動詞\r','軽視する'),(1974,'downright','形容詞\r','まったくの'),(1975,'downward spiral','名詞\r','悪循環'),(1976,'draft','名詞\r','下絵、草稿、選抜'),(1977,'dragoon','名詞\r','竜騎兵・重騎兵'),(1978,'dramatize','動詞\r','脚色する、劇的に述べる'),(1979,'drastic','形容詞\r','思い切った、徹底的な'),(1980,'draw together','動詞\r','結束する'),(1981,'drawer','名詞\r','引き出し'),(1982,'dread','動詞\r','恐れる'),(1983,'dread','名詞\r','恐怖'),(1984,'dreadful','形容詞\r','恐ろしい、ひどい、いやな'),(1985,'dreary','形容詞\r','物さびしい; 陰気な; 退屈な'),(1986,'drift','名詞\r','漂流、動向'),(1987,'drive','動詞\r','運転する、を車に乗せていく、追いやる'),(1988,'droop','動詞\r','うなだれる、しおれる'),(1989,'drought','名詞\r','干ばつ'),(1990,'drowsy','形容詞\r','眠い'),(1991,'drudgery','名詞\r','骨の折れる仕事'),(1992,'dual','形容詞\r','二重の'),(1993,'dubious','形容詞\r','疑わしい、あいまいな'),(1994,'dull','形容詞\r','退屈な'),(1995,'dummy','名詞\r','模造品、ダミー'),(1996,'dusk','名詞\r','夕暮れ、薄暗がり'),(1997,'dwell','動詞\r','住む, 居住する ((in, at, on)); とどまる'),(1998,'dwell upon -','熟語\r','くよくよ考える'),(1999,'dwindle','動詞\r','だんだん小さくなる'),(2000,'dyadic','動詞\r','二部分から成る'),(2001,'dye','動詞\r','染める'),(2002,'dynamic','形容詞\r','動的な'),(2003,'dynamite','名詞\r','ダイナマイト・すばらしいこと'),(2004,'eagerness','名詞\r','熱心'),(2005,'early on','熟語\r','前もって、早くから'),(2006,'ease','名詞\r','容易さ、気楽さ、安楽さ'),(2007,'easygoing','形容詞\r','のんきな'),(2008,'eclectic','形容詞\r','折衷的な'),(2009,'ecstasy','名詞\r','恍惚'),(2010,'effective','形容詞\r','効果的'),(2011,'efficacy','名詞\r','効力・効能'),(2012,'elaborate','形容詞\r','入念な、精巧な'),(2013,'elaboration','名詞\r','精巧、詳細'),(2014,'elderly','形容詞\r','年輩の、時代遅れの'),(2015,'electron','名詞\r','電子'),(2016,'elevate','動詞\r','上げる・高める'),(2017,'elicit','動詞\r','引き出す、顕在化させる'),(2018,'eliminate','動詞\r','除去する'),(2019,'elimination','名詞\r','除去、削除'),(2020,'elite','名詞\r','エリート'),(2021,'eloquent','形容詞\r','雄弁な'),(2022,'elucidate','動詞\r','説明する、明晰にする、～を解明する'),(2023,'emancipate','動詞\r','(社会的束縛から)解放する'),(2024,'embalm','動詞\r','防腐保存する'),(2025,'embolden','動詞\r','大胆にする'),(2026,'emergency','名詞\r','非常事態'),(2027,'eminent','形容詞\r','卓越した、突出した'),(2028,'eminent','形容詞\r','著名な、優れた'),(2029,'emissary','名詞\r','使者、密使'),(2030,'emphasize','動詞\r','強調する'),(2031,'emphatically','副詞\r','強調して'),(2032,'empirical','形容詞\r','経験的な'),(2033,'employee','名詞\r','従業員、使用人'),(2034,'employment','名詞\r','雇用、職'),(2035,'emulate','動詞\r','～に負けまいと努力する'),(2036,'enchant','動詞\r','魅了する'),(2037,'enclose','動詞\r','囲む'),(2038,'encompass','動詞\r','取り囲む・包含する'),(2039,'encyclopaedia','名詞\r','百科事典'),(2040,'endanger','動詞\r','危険にさらす'),(2041,'endeavor','名詞\r','努力'),(2042,'endemic','形容詞\r','風土性の'),(2043,'endlessly','副詞\r','際限なく'),(2044,'endorsement','名詞\r','確認・保証・支持'),(2045,'endow','動詞\r','寄付する、に授ける'),(2046,'energetic','形容詞\r','活力のある'),(2047,'enforce','動詞\r','施行する、を強制する'),(2048,'engagement','名詞\r','契約、約束'),(2049,'engender','動詞\r','生ずる、発生させる'),(2050,'enlighten','動詞\r','啓発する、を啓蒙する'),(2051,'enlightment','名詞\r','啓蒙'),(2052,'enmesh','動詞\r','網にかける'),(2053,'enrich','動詞\r','豊かにする'),(2054,'ensemble','名詞\r','アンサンブル、調和'),(2055,'enslave','動詞\r','奴隷にする'),(2056,'entail','動詞\r','必然的に伴う'),(2057,'entailment','名詞\r','含意'),(2058,'enterpreneur','名詞\r','実業家'),(2059,'entertainment','名詞\r','娯楽・もてなし'),(2060,'entire','形容詞\r','全体の、完全な'),(2061,'entirely','副詞\r','完全に'),(2062,'entitle','動詞\r','資格を与える、に表題を付ける'),(2063,'entrust','動詞\r','委ねる'),(2064,'envelop','動詞\r','包む'),(2065,'envelope','名詞\r','封筒'),(2066,'epidemic','名詞\r','流行病'),(2067,'epistemology','名詞\r','認識論'),(2068,'epitome','名詞\r','要約、抜粋'),(2069,'epoch','名詞\r','時代、新時代'),(2070,'epudiate','動詞\r','求める'),(2071,'equal access','名詞\r','機会均等'),(2072,'equate','動詞\r','等しいとする'),(2073,'equitable','形容詞\r','公平な'),(2074,'erect','動詞\r','建てる'),(2075,'erect','形容詞\r','直立した'),(2076,'erupt','動詞\r','噴火する'),(2077,'ervous','形容詞\r','神経の、神経質な、臆病な'),(2078,'establish','名詞\r','設立・確立'),(2079,'estate','名詞\r','財産、地所'),(2080,'esteem','動詞\r','尊重する、と思う'),(2081,'estimate','動詞\r','見積もる、を評価する'),(2082,'ethics','名詞\r','倫理'),(2083,'ethnic','形容詞\r','民族の'),(2084,'ethnicity','名詞\r','民族色'),(2085,'ethnology','名詞\r','民族学'),(2086,'evaluate','動詞\r','を評価する'),(2087,'evasion','名詞\r','責任の回避'),(2088,'eve','名詞\r','前夜'),(2089,'eventual','動詞\r','結果として起こる'),(2090,'evidence','名詞\r','証拠'),(2091,'evidental','形容詞\r','証拠となる'),(2092,'exacerbate','動詞\r','悪化させる'),(2093,'exaggerate','動詞\r','誇張する、を大げさに言う'),(2094,'exalt','動詞\r','高める'),(2095,'excel','動詞\r','より優れる、秀でる'),(2096,'excerpt','名詞\r','引用、抜粋'),(2097,'exclaim','動詞\r','叫ぶ'),(2098,'exclusively','副詞\r','排他的に・専ら'),(2099,'excruciatingly','形容詞\r','非常につらい、耐え難い'),(2100,'excuse','動詞\r','許す、～の言い訳をする'),(2101,'excute','動詞\r','実施する、成就する'),(2102,'exdus','名詞\r','出国'),(2103,'execute','動詞\r','実行する、を処刑する'),(2104,'execution','名詞\r','実行・遂行'),(2105,'exemplification','名詞\r','例証'),(2106,'exemplify','動詞\r','を例証する'),(2107,'exert','動詞\r','行使する、を働かせる'),(2108,'exertion','名詞\r','努力、(権力の)行使'),(2109,'exile','名詞\r','追放、亡命者'),(2110,'expand','動詞\r','を広げる'),(2111,'expensive','形容詞\r','高価な・貴重な'),(2112,'experienced','形容詞\r','経験を積んだ'),(2113,'expertise','名詞\r','専門知識'),(2114,'explanatory','形容詞\r','説明の'),(2115,'explicate','動詞\r','を分析・解明する'),(2116,'explicit','形容詞\r','明示的な'),(2117,'explode','動詞\r','爆発する'),(2118,'exploration','名詞\r','探検、探求、開発'),(2119,'exploratory','形容詞\r','調査の、探検の'),(2120,'exposition','名詞\r','暴露、顕示、解説'),(2121,'expound','動詞\r','説明・解釈する'),(2122,'expressible','形容詞\r','表現可能な'),(2123,'expressive','形容詞\r','表現の、表現豊かな'),(2124,'expressly','副詞\r','明確に・特別に'),(2125,'exquisite','形容詞\r','非常に美しい、精巧な'),(2126,'exterminate','動詞\r','根絶する'),(2127,'extract','動詞\r','抜き取る'),(2128,'extract','名詞\r','抽出物、エキス'),(2129,'extravagant','形容詞\r','金遣いの荒い、ぜいたくな'),(2130,'extremity','名詞\r','先端、末端'),(2131,'extrinsic','形容詞\r','外部からの'),(2132,'eyesight','名詞\r','視力'),(2133,'fabric','名詞\r','建築、織物'),(2134,'facet','名詞\r','面・様相'),(2135,'facilitation','名詞\r','促進、簡便化'),(2136,'facility','名詞\r','容易さ、施設'),(2137,'faculty','名詞\r','能力、学部、教授陣'),(2138,'fade','動詞\r','(色が)あせる、(音など)消えていく、(花)しぼむ'),(2139,'fade away','動詞\r','消失する'),(2140,'fairly','副詞\r','かなり、正しい'),(2141,'faithful','\r','信頼できる、忠実な'),(2142,'falsity','名詞\r','虚偽'),(2143,'familiar','形容詞\r','よく知られた'),(2144,'fan','動詞\r','あおぐ'),(2145,'fanatical','形容詞\r','狂信的な'),(2146,'fancy','動詞\r','想像する'),(2147,'fantasy','名詞\r','幻想、空想'),(2148,'fare','名詞\r','料金、運賃'),(2149,'fascinate','動詞\r','魅了する、をうっとりさせる'),(2150,'fatal','\r','運命的な、致命的な'),(2151,'fatality','名詞\r','災難、死'),(2152,'fate','名詞\r','運命'),(2153,'fatty','形容詞\r','脂肪質の'),(2154,'fawn','名詞\r','子鹿'),(2155,'feast','名詞\r','ごちそう、宴会'),(2156,'federal','形容詞\r','連邦・連邦制の'),(2157,'feeble','形容詞\r','弱々しい'),(2158,'feign','動詞\r','装う'),(2159,'ferret','動詞\r','捜し回る'),(2160,'fertile','形容詞\r','肥よくな'),(2161,'fertile','\r','肥沃な、多産の'),(2162,'fertilizer','名詞\r','肥料'),(2163,'fetch','動詞\r','をとってくる、(涙を)誘う'),(2164,'feudal','形容詞\r','封建制の'),(2165,'fiber','名詞\r','繊維'),(2166,'fiddle','名詞\r','バイオリン'),(2167,'fierce','形容詞\r','どう猛な、激しい'),(2168,'figidly','副詞\r','堅く、厳格に'),(2169,'figurative','形容詞\r','比喩的な'),(2170,'film company','名詞\r','映画会社'),(2171,'filthy','形容詞\r','不潔な、いやらしい'),(2172,'fine','名詞\r','罰金'),(2173,'finite','形容詞\r','有限の,定形の.'),(2174,'fire','動詞\r','火を付ける、発射する'),(2175,'fire','動詞\r','解雇する、を発射する'),(2176,'fire lieutenant','名詞\r','消防署長補佐'),(2177,'fiscal','形容詞\r','財政の・会計の'),(2178,'fisherman','名詞\r','漁師'),(2179,'fixat','動詞\r','定着する、固着する'),(2180,'fixture','名詞\r','備品・設備'),(2181,'flamboyant','形容詞\r','豪華な'),(2182,'flame','名詞\r','炎,激情'),(2183,'flatter','動詞\r','こびへつらう'),(2184,'flatter','動詞\r','お世辞を言う、を(絵で)実物以上によく見せる'),(2185,'flavor','名詞\r','風味、趣き'),(2186,'flaw','名詞\r','きず、欠点'),(2187,'flee','動詞\r','逃げる'),(2188,'flexible','形容詞\r','柔軟な、曲げやすい'),(2189,'flight','名詞\r','飛行'),(2190,'fling','動詞\r','乱暴に投げる'),(2191,'float','動詞\r','浮かぶ、浮かせる'),(2192,'flock','名詞\r','(ひつじ・鳥の)群れ'),(2193,'flock','動詞\r','群がる、集まる'),(2194,'flourish','動詞\r','生い茂る、栄える'),(2195,'flow','動詞\r','流れる、流れ出す'),(2196,'fluffy','形容詞\r','ふわふわした'),(2197,'flunk','動詞\r','落第する'),(2198,'flutter','動詞\r','はばたきする'),(2199,'focus','名詞\r','焦点、中心'),(2200,'foe','名詞\r','敵'),(2201,'fog','名詞\r','霧、ほこり'),(2202,'fold','動詞\r','折りたたむ'),(2203,'folk','名詞\r','人々、世間、民族'),(2204,'folklore','名詞\r','民間伝承'),(2205,'follower','名詞\r','従者、部下'),(2206,'folly','名詞\r','愚かさ、愚行'),(2207,'food poisoning','名詞\r','食中毒'),(2208,'for once','熟語\r','今度だけは'),(2209,'for safety','熟語\r','安全のために'),(2210,'for the present','熟語\r','当分の間'),(2211,'for the rest','熟語\r','それ以外のことについては'),(2212,'for the time being','熟語\r','今のところは'),(2213,'forbear','動詞\r','耐える、我慢する、なしで済ます'),(2214,'forbear','動詞\r','自制する'),(2215,'forbit','動詞\r','禁ずる'),(2216,'forcibly','副詞\r','強制的に'),(2217,'forecast','名詞\r','予報'),(2218,'forecast','動詞\r','予報する'),(2219,'foreclose','動詞\r','除外する'),(2220,'forego','動詞\r','先立つ'),(2221,'foreground','名詞\r','前景'),(2222,'forehead','名詞\r','ひたい'),(2223,'foremost','副詞\r','一番先に'),(2224,'foretell','動詞\r','予言する'),(2225,'forgive','動詞\r','～を許す'),(2226,'formalism','名詞\r','形式主義'),(2227,'formerly','前置詞\r','前に・以前に'),(2228,'formidable','形容詞\r','手強い、恐ろしい'),(2229,'formulation','名詞\r','公式化・明確な言明'),(2230,'forsake','動詞\r','見捨てる'),(2231,'fortnight','名詞\r','2週間'),(2232,'fortune','名詞\r','運、幸運、財産'),(2233,'fossil','名詞\r','化石'),(2234,'foster','動詞\r','育成する、を養育する'),(2235,'foul','動詞\r','よごす'),(2236,'found','動詞\r','設立する、基づかせる'),(2237,'fountain','名詞\r','泉'),(2238,'fraction','名詞\r','断片、分数'),(2239,'fracture','動詞\r','砕ける、骨折する'),(2240,'fragile','形容詞\r','壊れやすい、もろい'),(2241,'fragmentary','形容詞\r','断片的な'),(2242,'frail','形容詞\r','もろい、か弱い'),(2243,'frame','動詞\r','枠組み、構造、組み立てる、枠をはめる'),(2244,'frame of mind','名詞\r','気分'),(2245,'framework','名詞\r','枠組み'),(2246,'franchise','名詞\r','特権・選挙権'),(2247,'frantic','形容詞\r','半狂乱の、取り乱した'),(2248,'freivolous','形容詞\r','軽薄な'),(2249,'friction','名詞\r','摩擦、不和'),(2250,'fright','名詞\r','恐怖'),(2251,'frighten','動詞\r','恐がらせる'),(2252,'frivolous','形容詞\r','軽薄な'),(2253,'frontier','名詞\r','辺境'),(2254,'frugal','形容詞\r','倹約な、質素な'),(2255,'fruitful','形容詞\r','実り豊かな'),(2256,'frustrate','動詞\r','挫折させる'),(2257,'frustration','名詞\r','欲求不満、挫折'),(2258,'fuel','名詞\r','燃料'),(2259,'fulfillment','名詞\r','履行'),(2260,'fund','名詞\r','資金、基金'),(2261,'funeral','名詞\r','葬式'),(2262,'funny','形容詞\r','奇妙な、おかしい'),(2263,'fur','名詞\r','毛皮'),(2264,'furnish','動詞\r','供給する、に備え付ける'),(2265,'fuse','動詞\r','～を溶かす・とける'),(2266,'fussy','形容詞\r','神経質でやかましい'),(2267,'futile','形容詞\r','無駄な、無益な'),(2268,'futility','名詞\r','無用、無益'),(2269,'gai','形容詞\r','陽気な'),(2270,'gain','名詞\r','利益'),(2271,'gaise','名詞\r','外見、様子'),(2272,'gamet','名詞\r','全領域'),(2273,'garbage','名詞\r','ゴミ'),(2274,'garment','名詞\r','衣服'),(2275,'gay','形容詞\r','陽気な、快活な、同性愛の'),(2276,'gender','名詞\r','性、性の差'),(2277,'gene','名詞\r','遺伝子'),(2278,'genera','名詞\r','種類'),(2279,'generate','動詞\r','発生させる'),(2280,'generativity','名詞\r','生殖性'),(2281,'generic','形容詞\r','一般的な'),(2282,'generous','形容詞\r','寛大な、気前の良い'),(2283,'genetic','名詞\r','遺伝学'),(2284,'genial','形容詞\r','温和な、親切な'),(2285,'genital','形容詞\r','生殖の、生殖器の'),(2286,'genius','名詞\r','天才、才能'),(2287,'genteel','形容詞\r','生まれのよい'),(2288,'gentlemanly','形容詞\r','紳士的な'),(2289,'gentleness','名詞\r','優しさ'),(2290,'gently','副詞\r','上品に、静かに'),(2291,'genuine','形容詞\r','本物の、心からの'),(2292,'geometry','名詞\r','幾何学'),(2293,'germ','名詞\r','細菌、胚'),(2294,'get along','熟語\r','うまくやっていく'),(2295,'get at','熟語\r','～に届く・～を知る'),(2296,'get away','熟語\r','逃れる'),(2297,'get away from -','熟語\r','から逃げる、逃れる'),(2298,'get in the way','熟語\r','邪魔になる'),(2299,'get on','熟語\r','進む、はかどる、やってゆく'),(2300,'ghostlike','形容詞\r','幽霊の'),(2301,'gift','名詞\r','贈り物、天賦の才能'),(2302,'gigantic','形容詞\r','巨大な'),(2303,'give in','熟語\r','屈服する'),(2304,'glacier','名詞\r','氷河'),(2305,'glance','動詞\r','ちらりと見る'),(2306,'glare','動詞\r','にらみつける'),(2307,'gleam','名詞\r','閃光、きらめき、かすかに光る、煌めき'),(2308,'gloat','動詞\r','満足する'),(2309,'gloomily','副詞\r','陰気に・憂鬱に'),(2310,'gloomy','形容詞\r','憂うつな、薄暗い'),(2311,'glorify','動詞\r','栄光をたたえる'),(2312,'glorious','形容詞\r','光栄ある、輝かしい、壮麗な;'),(2313,'glory','名詞\r','栄光'),(2314,'gloss','名詞\r','光沢（面）,虚飾'),(2315,'glow','副詞\r','赤く輝く'),(2316,'gnaw','動詞\r','絶えず悩ます、かじる'),(2317,'go broke','熟語\r','破産する'),(2318,'go up','熟語\r','上がる・～を上げる'),(2319,'go with','熟語\r','～に合う・調和する'),(2320,'goat','名詞\r','ヤギ'),(2321,'govern','動詞\r','支配・統治する'),(2322,'govern','動詞\r','治める・統治する'),(2323,'government authorities','名詞\r','政府当局'),(2324,'governor','名詞\r','州知事'),(2325,'grace','名詞\r','優美、好意、体面'),(2326,'grace','名詞\r','しとやかさ、好意、(神の)恵み'),(2327,'graceful','形容詞\r','優雅な、上品な'),(2328,'gradient','名詞\r','勾配'),(2329,'grandiose','形容詞\r','壮大な'),(2330,'grant','動詞\r','与える、認める、許す'),(2331,'grant','動詞\r','認める、を与える'),(2332,'grapple with -','動詞\r','～をつかむ、捉える'),(2333,'grasp','動詞\r','把握する・理解する'),(2334,'grassland','名詞\r','牧草地、大草原'),(2335,'grass-roots move','名詞\r','草の根運動'),(2336,'grassy','形容詞\r','草食の・草の多い'),(2337,'grateful','形容詞\r','感謝に満ちた'),(2338,'gratification','名詞\r','満足'),(2339,'gratify','動詞\r','喜ばせる、を満足させる'),(2340,'grave','名詞\r','墓'),(2341,'gravel','名詞\r','砂利・小石'),(2342,'gravitate','動詞\r','重力によって引きつけられる'),(2343,'gravitation','名詞\r','引力'),(2344,'gravity','名詞\r','重力、厳粛、重大さ'),(2345,'greed','名詞\r','貪欲'),(2346,'greet','動詞\r','挨拶する'),(2347,'grieve','動詞\r','深く悲しむ'),(2348,'grim','形容詞\r','残忍な'),(2349,'grim','形容詞\r','厳しい、不屈な、気味の悪い'),(2350,'grin','動詞\r','やっと笑う'),(2351,'grind','動詞\r','(粉を)ひく、を苦しめる、みがく'),(2352,'groan','名詞\r','うめき声'),(2353,'groan','動詞\r','うめく'),(2354,'grocery','名詞\r','食料・雑貨'),(2355,'grocery','名詞\r','食料雑貨店'),(2356,'grope','動詞\r','手探りする・模索する'),(2357,'gross','形容詞\r','粗野な、全体の、著しい'),(2358,'gross','形容詞\r','総計の、ひどい、粗野な'),(2359,'grossly','副詞\r','粗野に'),(2360,'grotesque','形容詞\r','異様な・奇怪な'),(2361,'grove','名詞\r','木立、小森'),(2362,'growl','動詞\r','うなる'),(2363,'gruffly','副詞\r','粗暴に・ぶっきらぼうに'),(2364,'grumble','動詞\r','不平を言う'),(2365,'guarantee','名詞\r','保証・ギャラ'),(2366,'guarantee','動詞\r','保証する'),(2367,'guarantee','名詞\r','保証、保証人'),(2368,'guilt','名詞\r','罪'),(2369,'guilty','形容詞\r','有罪の'),(2370,'guise','名詞\r','外観・見せかけ'),(2371,'gusto','名詞\r','趣味・嗜好'),(2372,'habitat','名詞\r','生息地'),(2373,'habituate to -','動詞\r','慣らす'),(2374,'hand down','動詞\r','言い渡す'),(2375,'hand on','動詞\r','譲り渡す、引き渡す'),(2376,'handyman','名詞\r','器用な人'),(2377,'hanker','動詞\r','あこがれる'),(2378,'harbor','名詞\r','港、避難所'),(2379,'hardship','名詞\r','苦難'),(2380,'hare','名詞\r','野ウサギ'),(2381,'harness','名詞\r','馬具'),(2382,'harsh','形容詞\r','ざらざらした、厳しい'),(2383,'hastly','副詞\r','急いで'),(2384,'hasty','形容詞\r','急ぎの、軽率な'),(2385,'hatch','動詞\r','ふ化させる、ふ化する'),(2386,'hateful','形容詞\r','憎い'),(2387,'hatred','名詞\r','憎しみ、憎悪'),(2388,'haughty','形容詞\r','ごう慢な、横柄な'),(2389,'haunt','動詞\r','つきまとう、よく訪れる'),(2390,'have a good ear','熟語\r','分かる'),(2391,'have a mind to do','熟語\r','～したいと思う'),(2392,'have to do with -','熟語\r','～と関係がある'),(2393,'haze','名詞\r','かずみ・煙幕'),(2394,'headmaster','名詞\r','校長'),(2395,'headquarter','名詞\r','本部'),(2396,'heal','動詞\r','癒す'),(2397,'heap','名詞\r','（積み上げた)山、どっさり'),(2398,'heartache','名詞\r','心痛、悲嘆'),(2399,'hearth','名詞\r','炉床'),(2400,'heartland','名詞\r','中核地域'),(2401,'hearty','形容詞\r','心からの、腹いっぱいの'),(2402,'heat','動詞\r','暖める、暖房する'),(2403,'heave','動詞\r','持ち上げる・隆起する'),(2404,'hegemony','名詞\r','政治的指導権・覇権'),(2405,'heighten','動詞\r','～を高くする'),(2406,'helish','形容詞\r','地獄のような'),(2407,'help out','熟語\r','救い出す'),(2408,'hemisphere','名詞\r','半球'),(2409,'herd','名詞\r','動物の群'),(2410,'hereditary','形容詞\r','遺伝の'),(2411,'heredity','名詞\r','遺伝'),(2412,'herein','副詞\r','その中に'),(2413,'heroic','形容詞\r','英雄的な'),(2414,'hideous','形容詞\r','恐ろしい、ぞっとする'),(2415,'hierarchy','名詞\r','階級組織'),(2416,'highlight','動詞\r','強調する'),(2417,'hinge','動詞\r','蝶番で留める'),(2418,'hive','名詞\r','蜜蜂の巣箱'),(2419,'hoar','動詞\r','蓄積する'),(2420,'hobble','動詞\r','びっこを引く'),(2421,'hold on to -','熟語\r','しっかり捕まえている'),(2422,'hold up','熟語\r','遅らせる'),(2423,'hollow','形容詞\r','うつろな、くぼんだ'),(2424,'holy','形容詞\r','神聖な'),(2425,'homogenize','動詞\r','均質化する'),(2426,'honeycomb','名詞\r','蜂の巣'),(2427,'honor','\r','名誉・尊敬・栄光'),(2428,'honorable','形容詞\r','正しい、立派な'),(2429,'horseshoe','名詞\r','馬蹄'),(2430,'hospitable','形容詞\r','もてなしのよい'),(2431,'hospitality','名詞\r','歓待、手厚いもてなし'),(2432,'hostility','名詞\r','敵意、反感'),(2433,'hot spring','名詞\r','温泉'),(2434,'household','名詞\r','世帯、家族'),(2435,'howl','動詞\r','吠える、わめく'),(2436,'humanity','名詞\r','人間、人間性、人道'),(2437,'humbly','副詞\r','謙虚に'),(2438,'humid','形容詞\r','湿気の多い'),(2439,'humility','名詞\r','謙そん'),(2440,'hunk','名詞\r','大きな塊'),(2441,'hurry off','熟語\r','急いで立ち去る'),(2442,'hush','動詞\r','黙らせる、黙る'),(2443,'husky','形容詞\r','声のかれた'),(2444,'hydrogen','名詞\r','水素'),(2445,'hygiene','名詞\r','衛生'),(2446,'hypocrisy','名詞\r','偽善'),(2447,'hypothesis','名詞\r','仮説'),(2448,'icicle','名詞\r','つらら'),(2449,'iconic','形容詞\r','像の'),(2450,'idealism','名詞\r','理想主義'),(2451,'idealistic','形容詞\r','理想主義の'),(2452,'identify','動詞\r','同一視する'),(2453,'ideology','名詞\r','観念形態'),(2454,'idiosyncrasy','名詞\r','特異な傾向・特異体質'),(2455,'idiot','名詞\r','大ばか者'),(2456,'idly','副詞\r','無駄に'),(2457,'if at all','熟語\r','たとえそうだとしても'),(2458,'ill-defined','形容詞\r','はっきりしない'),(2459,'illogical','形容詞\r','非論理的な'),(2460,'illuminate','動詞\r','照らす'),(2461,'illumination','名詞\r','照明、啓蒙'),(2462,'illusion','名詞\r','幻覚、錯覚'),(2463,'illusory','形容詞\r','錯覚の、架空の'),(2464,'imbalance','名詞\r','不均衡'),(2465,'immediacy','名詞\r','直接性'),(2466,'immense','形容詞\r','巨大な'),(2467,'immerse','動詞\r','浸す、沈める'),(2468,'immersion','名詞\r','侵入、没頭、水に浸すこと'),(2469,'immodesty','名詞\r','不謹慎、無遠慮'),(2470,'immune','形容詞\r','免れた、免疫性の'),(2471,'immutable','形容詞\r','不変の'),(2472,'impart','動詞\r','分け与える'),(2473,'impatient','形容詞\r','忍耐力のない、短気な、イライラする'),(2474,'impatiently','副詞\r','いらいらして'),(2475,'impede','動詞\r','妨害する'),(2476,'impending','形容詞\r','差し迫った、切迫した'),(2477,'imperative','形容詞\r','緊急の・肝要の・命令の'),(2478,'imperial','形容詞\r','帝国の、皇帝の'),(2479,'imperialism','名詞\r','帝国主義'),(2480,'impermeable','形容詞\r','不浸透性の'),(2481,'impinge','動詞\r','突当たる・衝突する'),(2482,'implausible','形容詞\r','ありそうもない'),(2483,'implement','動詞\r','道具・～を実行する'),(2484,'implement','名詞\r','道具、機具'),(2485,'implicit','形容詞\r','暗黙の'),(2486,'implore','動詞\r','嘆願する'),(2487,'imply','動詞\r','暗黙に意味する'),(2488,'imponderable','名詞\r','測ることのできない・不可量物'),(2489,'impose','動詞\r','を(義務を)課す、を(意見を)押し付ける'),(2490,'imposing','形容詞\r','堂々として立派な'),(2491,'impotence','名詞\r','無気力'),(2492,'impoverished','形容詞\r','疲弊した、貧乏になった'),(2493,'impressive','形容詞\r','印象的な'),(2494,'imprison','動詞\r','投獄する'),(2495,'improvement','名詞\r','改良'),(2496,'imprudent','形容詞\r','軽率な'),(2497,'impudent','形容詞\r','ずうずうしい、生意気な'),(2498,'impulse','名詞\r','衝動'),(2499,'impulsive','形容詞\r','衝動的な、推進的な'),(2500,'impute','動詞\r','～のせいにする'),(2501,'in a cycle of -','熟語\r','～という周期で'),(2502,'in a flash','熟語\r','即座に'),(2503,'in a moment','熟語\r','すぐに'),(2504,'in accordance with -','熟語\r','～と一致して・従って'),(2505,'in agreement with -','熟語\r','～に一致して・従って'),(2506,'in case that -','熟語\r','～するといけないから'),(2507,'in charge of -','熟語\r','～を預かっている'),(2508,'in common with -','熟語\r','～と共有して・共通して'),(2509,'in concert','熟語\r','協力して、一斉に'),(2510,'in contradiction to-','熟語\r','～と対比して'),(2511,'in course of time','熟語\r','やがて'),(2512,'in due course','熟語\r','やがて'),(2513,'in earnest','熟語\r','まじめに'),(2514,'in existence','熟語\r','現存の・存在して'),(2515,'in its entirety','熟語\r','全体として、そのまま完全に'),(2516,'in light of -','熟語\r','～の観点から'),(2517,'in no way','熟語\r','決して～ではない'),(2518,'in ones favor','熟語\r','気に入って'),(2519,'in ones time off','熟語\r','休みの時に'),(2520,'in particular','熟語\r','特に、詳細に'),(2521,'in point of fact','熟語\r','実際にはしかし'),(2522,'in position','熟語\r','正しい位置に'),(2523,'in preference to -','熟語\r','～に優先して'),(2524,'in proportion to -','熟語\r','～に比例して'),(2525,'in quantity','熟語\r','大量に'),(2526,'in regard to -','熟語\r','～に関しては'),(2527,'in relation to -','熟語\r','～に関して'),(2528,'in remembrance of -','熟語\r','～の記念に'),(2529,'in reply','熟語\r','答として'),(2530,'in some case','熟語\r','場合によっては'),(2531,'in some form or other','熟語\r','何らかの形で'),(2532,'in some measure','熟語\r','ある程度'),(2533,'in succession','熟語\r','次々に'),(2534,'in the air','熟語\r','空中で'),(2535,'in the cause of','熟語\r','～のために'),(2536,'in the course of -','熟語\r','～の間に'),(2537,'in the main','熟語\r','主として'),(2538,'in the midst of','熟語\r','～の中で'),(2539,'in the nature of -','熟語\r','～の性質を帯びた'),(2540,'in the vicinity of','熟語\r','～の付近に'),(2541,'in the way of -','熟語\r','～に関して、～の邪魔になって'),(2542,'in these terms','熟語\r','これらの点で'),(2543,'in view of','熟語\r','～を考慮して'),(2544,'in vivo','熟語\r','生体内での'),(2545,'inanimate','形容詞\r','生命のない、意識のない、無生物の'),(2546,'inasmuch as -','接続詞\r','～だから'),(2547,'inborn','形容詞\r','生まれつきの'),(2548,'incessant','形容詞\r','絶え間ない'),(2549,'incidence','名詞\r','出来事の範囲・発生率'),(2550,'inclination','名詞\r','傾向・好み・傾き'),(2551,'incline','動詞\r','傾ける、を気にさせる'),(2552,'include','動詞\r','包含する・含む'),(2553,'incompatible','形容詞\r','両立しがたい'),(2554,'incomplitely','副詞\r','不充分に・不完全に'),(2555,'inconclucive','形容詞\r','結論のない'),(2556,'inconsistent with-','動詞\r','矛盾する'),(2557,'incorporate','動詞\r','取り入れる・編入する、組み込む'),(2558,'incur','動詞\r','負う'),(2559,'indebt','動詞\r','恩を負わせる'),(2560,'indebted to','動詞\r','恩を受けている'),(2561,'indebtedness','名詞\r','恩義、負債'),(2562,'indecisive','形容詞\r','決定的でない'),(2563,'in-depth','形容詞\r','綿密な、周到な'),(2564,'indication','名詞\r','徴候・指示'),(2565,'indifferent','形容詞\r','無関心な'),(2566,'indigenous','形容詞\r','土着の・固有の'),(2567,'indignant','形容詞\r','憤慨した'),(2568,'indisputable','形容詞\r','争う余地のない、明白な'),(2569,'indistinguishable','形容詞\r','区別の付かない'),(2570,'indivisible','形容詞\r','分割できない'),(2571,'indoctrinate','動詞\r','～に教え込む'),(2572,'indolent','形容詞\r','怠惰な'),(2573,'induce','動詞\r','説得して…させる ((to do)); 勧誘する; 引起す'),(2574,'indulge','動詞\r','甘やかす、を満足させる'),(2575,'indulgence','名詞\r','ふけること、甘え'),(2576,'indulgent','形容詞\r','寛大な、甘い'),(2577,'industrial','形容詞\r','産業の'),(2578,'industrialism','名詞\r','産業主義'),(2579,'industrious','形容詞\r','勤勉な'),(2580,'inexplicable','形容詞\r','不可解な'),(2581,'infallible','形容詞\r','絶対確実な'),(2582,'infamous','形容詞\r','悪名の高い'),(2583,'infancy','名詞\r','幼年期'),(2584,'infantile','形容詞\r','幼児期の'),(2585,'infantry','名詞\r','歩兵'),(2586,'infer','動詞\r','推論する'),(2587,'inference','名詞\r','推論'),(2588,'inferential','形容詞\r','推論上の'),(2589,'infinite','形容詞\r','無限の'),(2590,'infinity','名詞\r','無限'),(2591,'inflexible','形容詞\r','剛直な、柔軟でない'),(2592,'inflict','動詞\r','(罰など)与える'),(2593,'infrared','形容詞\r','赤外線の'),(2594,'infrequent','形容詞\r','まれな'),(2595,'ingenious','形容詞\r','発明の才のある'),(2596,'ingenuity','名詞\r','巧妙さ'),(2597,'ingest','動詞\r','摂取する'),(2598,'inhospitable','形容詞\r','不親切な・住み難い'),(2599,'initial','形容詞\r','最初の'),(2600,'initiate','動詞\r','～をはじめる'),(2601,'initiative','名詞\r','手始め、主導権'),(2602,'injunction','名詞\r','命令・指名'),(2603,'innate','形容詞\r','生まれつきの'),(2604,'innocent','形容詞\r','無邪気な'),(2605,'innovative','形容詞\r','革新的な'),(2606,'innumerable','形容詞\r','無数の'),(2607,'inoperative','形容詞\r','効力のない'),(2608,'inquire','動詞\r','尋ねる'),(2609,'insane','形容詞\r','気の狂った'),(2610,'insect','名詞\r','昆虫'),(2611,'insert','動詞\r','挿入する'),(2612,'insight','名詞\r','洞察'),(2613,'insightful','形容詞\r','洞察に満ちた'),(2614,'insinuate','動詞\r','遠回しに言う'),(2615,'insistence','名詞\r','主張・強要'),(2616,'insofar as -','熟語\r','～する限りにおいて'),(2617,'insolent','形容詞\r','傲慢な'),(2618,'insoluble','形容詞\r','解決できない'),(2619,'inspect','動詞\r','調査する'),(2620,'inspection','名詞\r','検査'),(2621,'inspiration','名詞\r','霊感'),(2622,'install','動詞\r','すえつける、を就任させる'),(2623,'instantaneou','名詞\r','瞬間的'),(2624,'instigate','動詞\r','扇動する'),(2625,'instinct','名詞\r','本能、天性'),(2626,'instinctual','形容詞\r','本能的な'),(2627,'institution','名詞\r','設立、制度、協会'),(2628,'instruction','名詞\r','教授、教育、命令'),(2629,'instructional','形容詞\r','教育的な'),(2630,'instrumental','形容詞\r','道具的な'),(2631,'insubordinate','形容詞\r','従順でない'),(2632,'insular','形容詞\r','島国の'),(2633,'insulate','動詞\r','絶縁する・隔離する'),(2634,'insuperable','形容詞\r','克服しがたい'),(2635,'intact','形容詞\r','そこなわれていない'),(2636,'intact','形容詞\r','人の手に触れていない'),(2637,'intangible','形容詞\r','触れることのできない'),(2638,'integral','形容詞\r','必要な・全体の'),(2639,'integrative','形容詞\r','統合的な'),(2640,'integrity','名詞\r','完全、誠実'),(2641,'intellect','名詞\r','知性、知識人'),(2642,'intellectual','形容詞\r','知的な'),(2643,'intelligently','副詞\r','知的に'),(2644,'intelligible','形容詞\r','理解できる、分かり易い'),(2645,'intense','形容詞\r','強烈な、激しい'),(2646,'intensification','名詞\r','増強'),(2647,'intensify','動詞\r','強くする'),(2648,'intent','名詞\r','意志、目的'),(2649,'intently','副詞\r','熱心に・一心に'),(2650,'interaction','名詞\r','相互作用'),(2651,'interactive','形容詞\r','相互作用の、対話式の'),(2652,'intercourse','名詞\r','交流、交際'),(2653,'interface','名詞\r','界面'),(2654,'interfere','動詞\r','干渉する、妨げる'),(2655,'interject','動詞\r','～を挿入する'),(2656,'interlude','名詞\r','幕間、合間'),(2657,'intermediate','形容詞\r','中間の'),(2658,'intermingle','動詞\r','混ぜ合わす'),(2659,'intermittent','形容詞\r','断続的な'),(2660,'interpenetrate','動詞\r','浸透する'),(2661,'interplay','名詞\r','相互作用'),(2662,'interpret','動詞\r','解釈する、を通訳する'),(2663,'interpretive','形容詞\r','解釈的な'),(2664,'intervene','動詞\r','干渉する、仲裁する'),(2665,'intervention','名詞\r','調停、介入、干渉'),(2666,'intolerable','形容詞\r','耐えられない'),(2667,'intrinsic','形容詞\r','本来備わっている'),(2668,'introductory','形容詞\r','紹介の・前置きの'),(2669,'introspection','名詞\r','内省'),(2670,'introvert','動詞\r','内省する'),(2671,'intrusive','形容詞\r','侵入的な、出しゃばりの'),(2672,'intuition','名詞\r','直観'),(2673,'intuitive','形容詞\r','直感的な'),(2674,'intuitively','副詞\r','直感的に'),(2675,'invalid','形容詞\r','論拠の薄弱な'),(2676,'invalid','名詞\r','病弱者'),(2677,'invalidate','動詞\r','～を無効にする'),(2678,'invaluable','形容詞\r','非常に貴重な'),(2679,'invariably','副詞\r','一定不変に・常に'),(2680,'invasion','名詞\r','侵入、侵害'),(2681,'inventiveness','名詞\r','創意工夫'),(2682,'inversion','名詞\r','性的倒錯'),(2683,'invert','動詞\r','逆にする'),(2684,'invest','動詞\r','投資する'),(2685,'investigate','動詞\r','調査する'),(2686,'inveterate','形容詞\r','根深い'),(2687,'invoke','動詞\r','援用する、呼び出す'),(2688,'involvement','名詞\r','かかわり合い・熱意'),(2689,'ion','名詞\r','イオン'),(2690,'irish','形容詞\r','アイルランドの'),(2691,'irrelevant','形容詞\r','無関係の・不適切な'),(2692,'irresistible','形容詞\r','抵抗できない'),(2693,'irritable','形容詞\r','短気な・敏感な'),(2694,'irritate','動詞\r','いらいらさせる'),(2695,'isle','名詞\r','島・小島'),(2696,'isomorphic','形容詞\r','同型の'),(2697,'Israeli','名詞\r','イスラエル人'),(2698,'It is be no good -ing','熟語\r','～しても無駄である'),(2699,'it turns out that -','熟語\r','～が明らかになる'),(2700,'item','名詞\r','項目、品目'),(2701,'ivert','動詞\r','そらす、気を晴らす'),(2702,'jam','名詞\r','ジャム'),(2703,'jar','名詞\r','ビン'),(2704,'jealous','形容詞\r','しっと深い'),(2705,'jerk','動詞\r','急に動かす'),(2706,'joint','形容詞\r','共同の、共有の'),(2707,'jolly','形容詞\r','愉快な'),(2708,'juggle','動詞\r','巧みに操る'),(2709,'Jupiter','名詞\r','木星'),(2710,'jurisdiction','名詞\r','裁判権・管轄範囲'),(2711,'jury','名詞\r','陪審'),(2712,'justifiably','副詞\r','正当に'),(2713,'juvenile','形容詞\r','少年・少女の'),(2714,'juxtapose','動詞\r','並置する'),(2715,'keep up with -','熟語\r','遅れないでついていく'),(2716,'kinesthesis','名詞\r','運動感覚'),(2717,'kingdom','名詞\r','王国'),(2718,'kinship','名詞\r','親族関係'),(2719,'kitten','名詞\r','子猫'),(2720,'kneel','動詞\r','ひざまずく'),(2721,'knit','動詞\r','結合する'),(2722,'knot','動詞\r','結び目、結び目を作る'),(2723,'laboratory','名詞\r','実験室、研究所'),(2724,'labour union','名詞\r','労働組合'),(2725,'lace','名詞\r','ひも'),(2726,'ladder','名詞\r','はしご'),(2727,'lame','形容詞\r','足の不自由な、説得力のない'),(2728,'land','動詞\r','上陸する'),(2729,'landlord','名詞\r','旅館の主人'),(2730,'landscape','名詞\r','風景、造園'),(2731,'lapse','名詞\r','経過、過失'),(2732,'largely','副詞\r','主に、大部分'),(2733,'lark','名詞\r','ヒバリ'),(2734,'later on','接続詞\r','その後で'),(2735,'latitudinarian','名詞\r','自由主義者'),(2736,'laudable','形容詞\r','賞賛すべき・立派な'),(2737,'laundry','名詞\r','洗濯'),(2738,'lay hands on -','熟語\r','～をつかむ'),(2739,'lay off','動詞\r','止めてほっておく'),(2740,'lay out','動詞\r','広げる、陳列する'),(2741,'layer','名詞\r','層'),(2742,'layman','名詞\r','しろうと'),(2743,'leak','動詞\r','漏れる、を漏らす'),(2744,'leap','動詞\r','跳ねる'),(2745,'leap out','熟語\r','とびだす'),(2746,'learned','形容詞\r','学問のある、博学な'),(2747,'learning goal','名詞\r','到達目標'),(2748,'leather','名詞\r','なめし皮'),(2749,'leave','動詞\r','去る、残す、置き忘れる、ままにしておく'),(2750,'leave out','熟語\r','除外する'),(2751,'leave out','熟語\r','～を書き落とす'),(2752,'legal','形容詞\r','法律上の'),(2753,'legendary','形容詞\r','伝説の'),(2754,'legislation','名詞\r','立法、法律'),(2755,'legitimate','動詞\r','合法化する'),(2756,'legitimate','形容詞\r','合法的な、正当な'),(2757,'leisure','名詞\r','手段、余暇'),(2758,'lengthy','副詞\r','長く'),(2759,'level at ','熟語\r','非難などを～に向ける'),(2760,'level of aspiration','名詞\r','要求水準'),(2761,'liable','形容詞\r','責任のある、～しがちな'),(2762,'liaison','名詞\r','連絡'),(2763,'liberal','形容詞\r','自由主義の・寛大な'),(2764,'liberally','形容詞\r','自由な・気前の良い'),(2765,'liberation','名詞\r','自由化、解放'),(2766,'license','動詞\r','免許、許可、許可する'),(2767,'lick','動詞\r','舌でなめる'),(2768,'lid','名詞\r','ふた'),(2769,'lifelong','名詞\r','生涯'),(2770,'lifetime','名詞\r','生涯・一生'),(2771,'light industry','名詞\r','軽工業'),(2772,'lightning','名詞\r','稲妻'),(2773,'like','名詞\r','似た人、似た物'),(2774,'limb','名詞\r','手足'),(2775,'limitation','名詞\r','限界、制限'),(2776,'linguistic','形容詞\r','言語学の'),(2777,'link','名詞\r','鎖の輪'),(2778,'liquor','名詞\r','アルコール飲料'),(2779,'literally','副詞\r','文字通りに'),(2780,'little more than -','熟語\r','～以上のものではない'),(2781,'lively','形容詞\r','活発な'),(2782,'loathe','動詞\r','ひどく嫌う'),(2783,'locate','動詞\r','～の位置をつきとめる、を置く'),(2784,'locomotive','名詞\r','機関車'),(2785,'lode','名詞\r','鉱脈・源泉'),(2786,'lofty','形容詞\r','そびえたつ、高遠な'),(2787,'logarithm','名詞\r','対数'),(2788,'longing','名詞\r','あこがれ・切望'),(2789,'look out','動詞\r','気を付ける'),(2790,'lookout','名詞\r','見張り・警戒'),(2791,'lose ones temper','動詞\r','立腹する'),(2792,'loving','形容詞\r','愛情に満ちた'),(2793,'loyal','形容詞\r','忠実な'),(2794,'loyal','形容詞\r','忠実な、誠実な'),(2795,'loyalty','名詞\r','忠義、忠誠'),(2796,'LTD','名詞\r','有限会社'),(2797,'ludicrous','形容詞\r','ばかげた'),(2798,'luggage','名詞\r','手荷物'),(2799,'lumber','名詞\r','材木'),(2800,'luminous','形容詞\r','発光する、明快な'),(2801,'lump','名詞\r','固まり・こぶ'),(2802,'lunar','形容詞\r','月の'),(2803,'lunatic','形容詞\r','気の違った、ばかげた'),(2804,'lust','名詞\r','欲情、強い欲望'),(2805,'luxurious','形容詞\r','贅沢な'),(2806,'machinery','名詞\r','機械'),(2807,'mad','形容詞\r','気が狂った'),(2808,'magical','形容詞\r','魔法の、魔術的な、不思議な'),(2809,'magnificent','形容詞\r','雄大な'),(2810,'magnifing glass','名詞\r','拡大鏡・虫眼鏡'),(2811,'main clause','名詞\r','主節'),(2812,'majesty','名詞\r','威厳'),(2813,'make a advance','熟語\r','進歩する'),(2814,'make a living','熟語\r','生計を立てる'),(2815,'make a mackery of -','熟語\r','～をあざける'),(2816,'make faces','熟語\r','嫌な顔をする'),(2817,'make for -','熟語\r','～へ進む'),(2818,'make fun of -','熟語\r','～をからかう'),(2819,'make ones fortune','熟語\r','財産を作る'),(2820,'make out','熟語\r','理解する'),(2821,'make sure that -','熟語\r','必ず～する'),(2822,'make the best of -','熟語\r','～をせいぜい利用する'),(2823,'make up','熟語\r','作り上げる'),(2824,'make up for -','熟語\r','補う、埋め合わせをする'),(2825,'make way for -','熟語\r','～に道をゆずる'),(2826,'malaise','名詞\r','愁訴、倦怠感'),(2827,'Malay','名詞\r','マレー語'),(2828,'malice','名詞\r','悪意'),(2829,'malnutrition','名詞\r','栄養失調'),(2830,'maltiplication','名詞\r','かけ算'),(2831,'mammalian','形容詞\r','哺乳動物の'),(2832,'management','名詞\r','管理・運営'),(2833,'managerial','形容詞\r','管理者の・管理の'),(2834,'manifest','動詞\r','を明らかにする'),(2835,'manifest','形容詞\r','明白な'),(2836,'manifestation','名詞\r','表明、明示、明確化'),(2837,'manifold','形容詞\r','多種多様の'),(2838,'manipulation','名詞\r','操作'),(2839,'mankind','名詞\r','人類'),(2840,'mannerism','名詞\r','癖'),(2841,'manual','形容詞\r','手の、手動の'),(2842,'manufacture','名詞\r','製造、製品'),(2843,'manuscript','形容詞\r','写本、手書きの'),(2844,'manuscript','名詞\r','原稿'),(2845,'mar','動詞\r','傷つける'),(2846,'marble','名詞\r','大理石'),(2847,'marginal','形容詞\r','周辺の・ぎりぎりの'),(2848,'mark','動詞\r','特徴づける'),(2849,'marshall','動詞\r','～を整理する・整列させる'),(2850,'martian','形容詞\r','火星の'),(2851,'marvel','副詞\r','驚く'),(2852,'marvelous','形容詞\r','驚くべき、すばらしい'),(2853,'masculine','形容詞\r','男性の、男らしい'),(2854,'massive','形容詞\r','大きくて重い、がっしりした'),(2855,'masterpiece','名詞\r','傑作、代表作'),(2856,'mate','名詞\r','仲間'),(2857,'mate selection','名詞\r','配偶者選択'),(2858,'maternal','形容詞\r','母の、母親らしい'),(2859,'matter','動詞\r','重要である'),(2860,'mature','形容詞\r','成熟した'),(2861,'maxim','名詞\r','格言'),(2862,'meadow','名詞\r','牧草地'),(2863,'meager','形容詞\r','貧弱な・乏しい'),(2864,'meager','形容詞\r','やせた、乏しい'),(2865,'means','名詞\r','収入、資力、財産'),(2866,'meanwhile','副詞\r','その間に、一方では'),(2867,'measurable','形容詞\r','測定可能な'),(2868,'mechanism','名詞\r','機構・仕組み・機制'),(2869,'mediate','動詞\r','～を仲介する・媒介する'),(2870,'medieval','形容詞\r','中世の'),(2871,'meditate','動詞\r','深く考える、を企てる'),(2872,'medium','名詞\r','中間、媒体、手段、報道機関'),(2873,'meekly','副詞\r','おとなしく、温順に'),(2874,'meet ones eyse','動詞\r','視線があう'),(2875,'megalopolis','名詞\r','超巨大都市'),(2876,'melancholy','名詞\r','憂うつ'),(2877,'memoir','名詞\r','回顧録・研究報告'),(2878,'memory trace','名詞\r','記憶痕跡'),(2879,'menace','動詞\r','脅す、に脅威を与える'),(2880,'mental','形容詞\r','心の、精神の'),(2881,'merchandise','名詞\r','商品'),(2882,'merchant','名詞\r','貿易商人'),(2883,'Mercury','名詞\r','水星'),(2884,'mercy','名詞\r','慈悲'),(2885,'merge','動詞\r','～をとけ込ませる、とけ込む'),(2886,'merit','動詞\r','値する'),(2887,'meritorious','形容詞\r','長所のある'),(2888,'mess','名詞\r','混乱、めちゃめちゃ'),(2889,'metabolism','名詞\r','代謝・新陳代謝'),(2890,'metaphor','名詞\r','比喩'),(2891,'metaphorical','形容詞\r','隠喩的な'),(2892,'meteorogical','形容詞\r','気象の'),(2893,'methodical','形容詞\r','系統的な、秩序だった'),(2894,'methodical','形容詞\r','方法論的な、秩序だった'),(2895,'methodology','名詞\r','方法論'),(2896,'metropolis','名詞\r','主要都市'),(2897,'microphone','名詞\r','送話器'),(2898,'microscopically','副詞\r','顕微鏡で、微視的に'),(2899,'midicine','名詞\r','医学・薬'),(2900,'migrate','動詞\r','移住する'),(2901,'migratory fowl','名詞\r','渡り鳥'),(2902,'milieu','名詞\r','環境'),(2903,'millennia','名詞\r','千年間'),(2904,'mimic','名詞\r','模倣、まねる'),(2905,'mine','名詞\r','鉱山、宝庫'),(2906,'mineral','名詞\r','鉱物'),(2907,'mingle','動詞\r','混ぜる、交際する'),(2908,'miniature','名詞\r','小模型、ミニチュア'),(2909,'minister','名詞\r','大臣、牧師'),(2910,'minor','形容詞\r','小さな、重要でない'),(2911,'minute','形容詞\r','微小の、精密な'),(2912,'misbehavior','名詞\r','不作法'),(2913,'miscarry','動詞\r','失敗する'),(2914,'miser','名詞\r','けち、守銭奴'),(2915,'miserly','形容詞\r','けちな'),(2916,'mislead','動詞\r','誤り導く、悪の道に誘う'),(2917,'misleading','形容詞\r','誤解させるような'),(2918,'miss','動詞\r','見落とす'),(2919,'missing','形容詞\r','行方不明の、欠けている'),(2920,'mobile','形容詞\r','動きやすい・移動可能な'),(2921,'mock','動詞\r','あざける'),(2922,'mode','名詞\r','様式、形態'),(2923,'moderate','動詞\r','調整する'),(2924,'moderate','形容詞\r','適度な、穏健な'),(2925,'modernity','名詞\r','現代性'),(2926,'modest','形容詞\r','謙虚な'),(2927,'modesty','名詞\r','謙遜、上品'),(2928,'modify','動詞\r','修正する、を修飾する'),(2929,'moist','動詞\r','湿り気のある'),(2930,'mold','動詞\r','を型に入れて作る'),(2931,'mole','名詞\r','ほくろ・モグラ'),(2932,'molecular','形容詞\r','分子の'),(2933,'momentary','形容詞\r','瞬間の'),(2934,'monarch','名詞\r','君主'),(2935,'monarchy','名詞\r','君主政治'),(2936,'monetary','形容詞\r','通貨の、金銭の'),(2937,'monocular','形容詞\r','単眼の'),(2938,'monopolize','動詞\r','独占する'),(2939,'monotonous','形容詞\r','単調な'),(2940,'monotony','名詞\r','単調、退屈'),(2941,'monster','名詞\r','怪物'),(2942,'monstrous','形容詞\r','巨大な、怪物のような'),(2943,'mope','動詞\r','がっかりする'),(2944,'mortal','形容詞\r','死を免れない、致命的な'),(2945,'mortally','副詞\r','致命的に'),(2946,'mosquito','名詞\r','蚊'),(2947,'mound','名詞\r','マウンド・塚・人の群'),(2948,'mouthful','名詞\r','口一杯'),(2949,'mud','名詞\r','泥'),(2950,'muddle','動詞\r','～を混乱させる'),(2951,'muddy','形容詞\r','泥の、濁った'),(2952,'mull','動詞\r','～を混ぜ合わせる'),(2953,'mull over','熟語\r','じっくり考える'),(2954,'multiple','形容詞\r','複合的な'),(2955,'multitude','名詞\r','多数、大衆'),(2956,'mundane','形容詞\r','現世の、世俗的な'),(2957,'municipal','形容詞\r','都市の'),(2958,'murder','動詞\r','殺害する'),(2959,'murmur','動詞\r','ぶつぶつ不平を言う'),(2960,'muse','動詞\r','物思いにふける'),(2961,'mutable','形容詞\r','可変性の、易変性の'),(2962,'mute','形容詞\r','口のきけない'),(2963,'mutilate','動詞\r','切断する、痛める'),(2964,'mutter','動詞\r','つぶやく、ぶつぶつ不平を言う'),(2965,'mystic','形容詞\r','神秘的な・神秘主義'),(2966,'narrative','名詞\r','物語'),(2967,'narrowly','副詞\r','狭く・かろうじて'),(2968,'narrowminded','形容詞\r','偏狭な'),(2969,'narrowness','名詞\r','狭さ'),(2970,'nasty','形容詞\r','嫌な・意地悪な'),(2971,'naturally','副詞\r','自然と、本来的に'),(2972,'naughty','形容詞\r','わんぱくな、行儀の悪い'),(2973,'naun clause','名詞\r','名詞節'),(2974,'navigation','名詞\r','航海、航海術'),(2975,'navy','名詞\r','海軍'),(2976,'neat','形容詞\r','きちんとした、手際のよい'),(2977,'neatness','名詞\r','清楚さ'),(2978,'needle','名詞\r','針'),(2979,'negation','名詞\r','否定'),(2980,'negative','形容詞\r','否定の、消極的な'),(2981,'negligence','名詞\r','怠慢'),(2982,'negotiate','動詞\r','交渉する'),(2983,'nerve','名詞\r','神経'),(2984,'nervous','形容詞\r','神経質な'),(2985,'nestling','動詞\r','寄り添う'),(2986,'net','形容詞\r','正味の・最終的な'),(2987,'neutral','形容詞\r','中立の'),(2988,'newsy','形容詞\r','話題の豊富な、ニュースの多い'),(2989,'niece','名詞\r','めい'),(2990,'nightmare','名詞\r','悪夢'),(2991,'nimble','形容詞\r','敏捷な、機敏な'),(2992,'no doubt','副詞\r','きっと'),(2993,'nod','動詞\r','うなずく'),(2994,'nomothetic','形容詞\r','立法の、普遍的な、法則定立的な'),(2995,'nontrivial','形容詞\r','重要な'),(2996,'normalcy','名詞\r','正常、常態'),(2997,'normally','副詞\r','標準的に・通常は'),(2998,'nostalgia','名詞\r','郷愁'),(2999,'not an iota','熟語\r','少しも～でない'),(3000,'not so much as do','熟語\r','～すらしない'),(3001,'not to mention','熟語\r','～は言うまでもなく'),(3002,'not to say','熟語\r','～とは言わないまでも'),(3003,'not very','熟語\r','あまり～ではない'),(3004,'notable','形容詞\r','著名な、注目すべき'),(3005,'nothing more than -','熟語\r','～に過ぎない'),(3006,'noticeable','名詞\r','目立つ'),(3007,'notwithstanding','副詞\r','それにも関わらず'),(3008,'nourish','動詞\r','養う'),(3009,'novel','形容詞\r','目新しい'),(3010,'noxious','形容詞\r','有害な'),(3011,'nuclear','形容詞\r','核の、原子力の'),(3012,'nudge','動詞\r','肘でつつく'),(3013,'numerical','形容詞\r','数の'),(3014,'nursery','名詞\r','子ども部屋、保育園'),(3015,'nursery school','名詞\r','保育園'),(3016,'oath','名詞\r','宣誓'),(3017,'obedient','形容詞\r','従順な'),(3018,'object','動詞\r','反対する'),(3019,'objectification','名詞\r','客観化、対象化、具象化'),(3020,'objective','形容詞\r','客観的な'),(3021,'oblige','動詞\r','義務を負わせる、に恩恵を与える'),(3022,'oblivion','名詞\r','忘却'),(3023,'oblivious','形容詞\r','忘れっぽい、気がつかない'),(3024,'obsessive','形容詞\r','強迫的・強迫観念の'),(3025,'obsolete','形容詞\r','すたれた、時代遅れの'),(3026,'obstinate','形容詞\r','頑固な'),(3027,'obstruct','動詞\r','妨げる'),(3028,'occidental','形容詞\r','西洋の'),(3029,'occlude','動詞\r','～をふさぐ'),(3030,'occupant','名詞\r','占有者、居住者'),(3031,'odd','形容詞\r','奇妙な、奇数の'),(3032,'oddity','名詞\r','奇妙さ'),(3033,'odds','名詞\r','差、勝ち目'),(3034,'odor','名詞\r','におい、かおり'),(3035,'of late','熟語\r','最近'),(3036,'of necessity','熟語\r','やむを得ず・必然的に'),(3037,'of ones own accord','熟語\r','自発的に'),(3038,'of oneself','熟語\r','ひとりでに'),(3039,'off limits','名詞\r','立入禁止区域'),(3040,'offend','動詞\r','感情を害する、罪を犯す'),(3041,'official','名詞\r','公務員、役人'),(3042,'off-key','形容詞\r','音程の狂った'),(3043,'olfactory','形容詞\r','嗅覚の'),(3044,'omission','名詞\r','省略'),(3045,'omit','動詞\r','省略する、をし忘れる'),(3046,'omnipresent','動詞\r','偏在する'),(3047,'on account of -','熟語\r','～（理由）のため'),(3048,'on behalf of -','接続詞\r','～のために・代表して'),(3049,'on inspection','熟語\r','調べてみると'),(3050,'on location','熟語\r','野外撮影で'),(3051,'on occasion','熟語\r','時たま'),(3052,'on prupose','熟語\r','故意に、意図的に'),(3053,'on the air','熟語\r','放送中で'),(3054,'on the besis of -','熟語\r','～に基づいて'),(3055,'on the make','熟語\r','形成過程の'),(3056,'once and again','熟語\r','何度も繰り返して'),(3057,'once in a while','熟語\r','時々'),(3058,'once upon a time','熟語\r','昔昔'),(3059,'only now','熟語\r','今になって'),(3060,'ontogeny','名詞\r','個体発生'),(3061,'operate on -','動詞\r','～に作用する、影響を及ぼす'),(3062,'operation','名詞\r','手術、作用、操作、影響'),(3063,'opponent','名詞\r','相手、敵対者'),(3064,'oppress','動詞\r','圧迫する'),(3065,'oppression','名詞\r','圧迫'),(3066,'oppressive','形容詞\r','過酷な'),(3067,'optically','副詞\r','視覚的に、光学的に'),(3068,'optics','名詞\r','光学'),(3069,'optimal','形容詞\r','最良の'),(3070,'optimism','名詞\r','楽天主義'),(3071,'oral','形容詞\r','口述の、口による'),(3072,'orbit','名詞\r','軌道'),(3073,'ordeal','名詞\r','試練・苦難'),(3074,'organ','名詞\r','機関・器官'),(3075,'organ','名詞\r','(身体の)器官、(政治の)機関、オルガン'),(3076,'organism','名詞\r','有機体、生物'),(3077,'organization','名詞\r','組織'),(3078,'organize','動詞\r','組織する'),(3079,'orientation','名詞\r','導入・指導・方向性'),(3080,'originate','動詞\r','始める、始まる'),(3081,'ornament','名詞\r','装飾'),(3082,'orthodoxy','名詞\r','正統派の考え・習慣'),(3083,'oscillate','動詞\r','振り子のように振動する'),(3084,'ostensibly','形容詞\r','表面上の'),(3085,'ostensive','形容詞\r','はっきりと明示するような'),(3086,'out of question','熟語\r','疑いなく'),(3087,'out of the question','熟語\r','問題にならない'),(3088,'out of the way','熟語\r','異常な、邪魔にならないように'),(3089,'outbreak','名詞\r','突発'),(3090,'outcome','名詞\r','結果'),(3091,'outcry','名詞\r','叫び声、抗議'),(3092,'outdated','形容詞\r','旧式の・時代遅れの'),(3093,'outgoing','形容詞\r','社交性に富んだ'),(3094,'outgrowth','名詞\r','副産物'),(3095,'outlet','名詞\r','はけ口'),(3096,'outline','動詞\r','輪郭を描く、概説する'),(3097,'outlook','名詞\r','眺め、見通し、見解、展望、警戒'),(3098,'outperform','動詞\r','～より優れた業績を上げる'),(3099,'outrage','名詞\r','乱暴、暴行'),(3100,'outset','名詞\r','発端'),(3101,'outsider','名詞\r','部外者、孤立者'),(3102,'outspoken','形容詞\r','率直な'),(3103,'outstanding','形容詞\r','目立った'),(3104,'oval','形容詞\r','卵形の'),(3105,'overall','形容詞\r','全体的な'),(3106,'overhead','名詞\r','諸経費'),(3107,'overhear','動詞\r','ふと耳にする'),(3108,'over-indulgence','名詞\r','甘やかし・わがまま'),(3109,'overlap','動詞\r','重複する'),(3110,'overlook','動詞\r','見渡す、大目に見る、を見下ろす、見落とす'),(3111,'overly','副詞\r','過度に'),(3112,'oversea','形容詞\r','海外の・国外に'),(3113,'overtake','動詞\r','追いつく、を追い越す、を襲う'),(3114,'overview','名詞\r','概観'),(3115,'overwhelming','形容詞\r','圧倒的な'),(3116,'oxygen','名詞\r','酸素'),(3117,'painful','形容詞\r','痛い・困難な'),(3118,'palm','名詞\r','手のひら'),(3119,'panel','名詞\r','パネル、相談者団'),(3120,'panitive','形容詞\r','罰の'),(3121,'pant','動詞\r','あえぐ、はげしく鼓動する'),(3122,'paradox','名詞\r','逆説'),(3123,'parallel','形容詞\r','平行の'),(3124,'paralyze','動詞\r','まひさせる'),(3125,'paramount','形容詞\r','優先する・最高の'),(3126,'parcel','名詞\r','小包'),(3127,'parliament','名詞\r','議会、国会'),(3128,'parlour','名詞\r','営業所・居間'),(3129,'parochial','形容詞\r','狭い・偏狭な'),(3130,'partial','形容詞\r','部分的な、不公平な'),(3131,'particle','名詞\r','微少な粒'),(3132,'partition','名詞\r','分割'),(3133,'pass on','熟語\r','～を次に伝える・譲る'),(3134,'passage','名詞\r','通過・引用文'),(3135,'passerby','名詞\r','通行人'),(3136,'passionate','形容詞\r','情熱的な'),(3137,'passive','形容詞\r','受動的な、消極的な'),(3138,'pastime','名詞\r','気晴らし、娯楽'),(3139,'pasture','名詞\r','牧草地'),(3140,'patent','形容詞\r','明白な、特許の'),(3141,'patently','副詞\r','明らかに'),(3142,'pathetic','形容詞\r','哀れな'),(3143,'pathological','形容詞\r','病理学上の'),(3144,'pathway','名詞\r','小道'),(3145,'patriarchal','形容詞\r','家長の、族長の、家父長制'),(3146,'patriot','名詞\r','愛国者'),(3147,'patriotic','形容詞\r','愛国的な'),(3148,'patriotism','名詞\r','愛国心'),(3149,'patron','名詞\r','後継者'),(3150,'pattern','名詞\r','図形、型'),(3151,'pause','名詞\r','休止、区切り'),(3152,'pavement','名詞\r','歩道'),(3153,'paw','名詞\r','前足'),(3154,'pay off','熟語\r','精算する、良い結果が出る'),(3155,'payable to -','熟語\r','～に支払うべき'),(3156,'peacefully','副詞\r','平和に'),(3157,'pedestal','名詞\r','台・基礎'),(3158,'pedestrian','名詞\r','歩行者'),(3159,'peel','動詞\r','皮、皮をむく'),(3160,'peep','動詞\r','のぞき見する'),(3161,'peer','名詞\r','対等の人、貴族'),(3162,'penetrate','動詞\r','貫く、浸透する、を見抜く'),(3163,'pension','名詞\r','年金'),(3164,'pensive','形容詞\r','物思いに沈んだ'),(3165,'perceive','動詞\r','知覚する、理解する'),(3166,'perception','名詞\r','知覚'),(3167,'performance','名詞\r','実行・仕事・業績'),(3168,'perfume','名詞\r','香水、芳香'),(3169,'peril','名詞\r','危険'),(3170,'perinatal','形容詞\r','周産期の、分娩前後の'),(3171,'periodically','形容詞\r','定期的な・周期的な'),(3172,'peripheral','形容詞\r','周囲の、抹消の'),(3173,'peripheral nervous system','名詞\r','抹消神経系'),(3174,'periphery','名詞\r','周囲'),(3175,'perish','動詞\r','死ぬ、滅びる'),(3176,'permanence','名詞\r','永続性'),(3177,'permutation','名詞\r','順列'),(3178,'perpendicular','形容詞\r','垂直の、直立した'),(3179,'perpetrate','動詞\r','罪を犯す'),(3180,'perpetual','形容詞\r','永久的な、絶え間のない'),(3181,'perpetuate','動詞\r','～を永続させる'),(3182,'perplex','動詞\r','当惑させる'),(3183,'persecute','動詞\r','迫害する'),(3184,'persist','動詞\r','固執する・主張する持続する'),(3185,'perspective','名詞\r','展望、遠近法'),(3186,'perspicuous','形容詞\r','明せきな'),(3187,'persuade','動詞\r','～を説得する'),(3188,'persuasion','名詞\r','説得、信念'),(3189,'persuasive','形容詞\r','説得力のある'),(3190,'pertubation','名詞\r','動揺・不安'),(3191,'pervade','動詞\r','～に普及する'),(3192,'pessimism','名詞\r','悲観主義'),(3193,'pester','動詞\r','悩ます・苦しめる'),(3194,'petal','名詞\r','花びら'),(3195,'petition','名詞\r','請願、懇願'),(3196,'petition','名詞\r','嘆願、陳情'),(3197,'petrol','名詞\r','ガソリン'),(3198,'petty','形容詞\r','ささいな、つまらない'),(3199,'pharmacologic','名詞\r','薬理学'),(3200,'phase','名詞\r','段階、面'),(3201,'physical','形容詞\r','物質の、物理の、身体の'),(3202,'physician','名詞\r','医者'),(3203,'physicist','名詞\r','物理学者'),(3204,'physics','名詞\r','物理学'),(3205,'physique','名詞\r','体格'),(3206,'piece','動詞\r','刺し通す、の身にしみる'),(3207,'pigeon','名詞\r','鳩'),(3208,'pile','動詞\r','～を積み重ねる'),(3209,'pill','名詞\r','錠剤'),(3210,'pillage','名詞\r','強奪、略奪'),(3211,'pillow','名詞\r','枕'),(3212,'pine','名詞\r','松'),(3213,'pious','形容詞\r','敬虔な、信仰の厚い'),(3214,'pique','動詞\r','好奇心をそそる'),(3215,'pitiful','形容詞\r','情のある'),(3216,'pity','名詞\r','あわれみ'),(3217,'pivotal','形容詞\r','中枢の'),(3218,'placate','形容詞\r','なだめる・慰める'),(3219,'plaster','名詞\r','しっくい・石膏'),(3220,'plastic art','名詞\r','造形芸術'),(3221,'plasticity','名詞\r','適応性、可塑性'),(3222,'playful','形容詞\r','冗談の、ふざけた'),(3223,'plead','動詞\r','嘆願する、を弁護する'),(3224,'pleasant','形容詞\r','楽しい、快適な'),(3225,'plentiful','形容詞\r','豊富な'),(3226,'plenty of','熟語\r','豊富な'),(3227,'plow','名詞\r','すき'),(3228,'plow','動詞\r','耕す'),(3229,'pluck','名詞\r','勇気・度胸'),(3230,'plump','形容詞\r','まるまる太った'),(3231,'plunge','動詞\r','突っ込む、に飛び込む'),(3232,'poignantly','形容詞\r','鋭い、痛快な'),(3233,'point','名詞\r','限界'),(3234,'pointless','形容詞\r','無意味な'),(3235,'poke','動詞\r','つつく'),(3236,'polish','名詞\r','みがく、光沢'),(3237,'pomp','名詞\r','華麗、きらびやか'),(3238,'poor judge of -','動詞\r','～を見る目があまりない'),(3239,'pore over','動詞\r','～に夢中になる'),(3240,'pornography','名詞\r','ポルノ'),(3241,'portion','名詞\r','一部、分け前'),(3242,'portray','動詞\r','描写する、肖像画を描く'),(3243,'Portugal','名詞\r','ポルトガル'),(3244,'pose','動詞\r','姿勢をとる'),(3245,'pose','動詞\r','ふりをする、を提起する'),(3246,'pose as','熟語\r','～らしく見せる'),(3247,'posit','動詞\r','～を置く・仮定する'),(3248,'positive','形容詞\r','積極的な、肯定的な、明確な'),(3249,'possess','動詞\r','所有する、(魔物・考えなど)にとりつく'),(3250,'posterity','名詞\r','後世の人々'),(3251,'postgraduate','形容詞\r','大学院の'),(3252,'posthumous','形容詞\r','死後の'),(3253,'postphon','動詞\r','延長する'),(3254,'posture','名詞\r','姿勢'),(3255,'posturing','名詞\r','姿勢'),(3256,'potent','形容詞\r','有力な・影響力のある'),(3257,'potent','形容詞\r','力強い、(薬など)効き目のある'),(3258,'potential','形容詞\r','潜在的な、可能性のある'),(3259,'poultry','名詞\r','家禽'),(3260,'power station','名詞\r','発電所'),(3261,'practicable','形容詞\r','実際に使用できる'),(3262,'practical','形容詞\r','実際的な'),(3263,'practically','副詞\r','実際には'),(3264,'practice','名詞\r','練習、実際、実践'),(3265,'practitioner','名詞\r','従業者、開業医・弁護士'),(3266,'Pradise Lost','名詞\r','失楽園'),(3267,'preach','動詞\r','説教する、伝道する'),(3268,'precaution','名詞\r','予防策'),(3269,'precede','動詞\r','先立つ、に優先する'),(3270,'precise','形容詞\r','正確な'),(3271,'preclude','動詞\r','除外する・排除する'),(3272,'preconsciously','副詞\r','早熟に'),(3273,'precursor','名詞\r','先駆者、前兆'),(3274,'predecessor','名詞\r','前任者'),(3275,'predicate','動詞\r','断定する'),(3276,'predication','名詞\r','断言、叙述'),(3277,'predict','動詞\r','予言する'),(3278,'predictable','形容詞\r','予想できる'),(3279,'predilection','名詞\r','偏愛、ひいき'),(3280,'preexist','動詞\r','先在する'),(3281,'preface','名詞\r','序文、前置き'),(3282,'prefecture','名詞\r','県'),(3283,'preferable to -','形容詞\r','～よりも好ましい'),(3284,'preferred','形容詞\r','優先の、好ましい'),(3285,'prefix','名詞\r','接頭辞'),(3286,'pregnancy','名詞\r','妊娠'),(3287,'prehistoric','形容詞\r','先史時代の'),(3288,'preliminary','名詞\r','予備'),(3289,'premarital','形容詞\r','婚前の'),(3290,'premise','名詞\r','前提'),(3291,'preoccupation','名詞\r','没頭、偏見'),(3292,'preoccupy','動詞\r','熱中させる、を先に占領する'),(3293,'preparatory','形容詞\r','予備の、準備の'),(3294,'prepuberal','形容詞\r','思春期前の'),(3295,'prescribe','動詞\r','規定する、を処方する'),(3296,'press','動詞\r','押す'),(3297,'pressing','形容詞\r','緊急の・熱心な'),(3298,'prestige','名詞\r','名声、威信'),(3299,'prestigious','形容詞\r','名声のある'),(3300,'presumably','副詞\r','おそらく・多分'),(3301,'presupposition','名詞\r','予想、前提'),(3302,'prevail','動詞\r','普及している、勝る'),(3303,'previously','副詞\r','前もって'),(3304,'prey','名詞\r','えじき、犠牲'),(3305,'prick','名詞\r','針'),(3306,'prickle','名詞\r','とげ・刺す'),(3307,'priest','名詞\r','牧師'),(3308,'prification','名詞\r','浄化'),(3309,'primarily','副詞\r','第一に'),(3310,'primary','形容詞\r','最も重要な'),(3311,'primate','名詞\r','霊長類'),(3312,'prime','形容詞\r','最も重要な、主な、最初の'),(3313,'primitive','形容詞\r','原始の、未開の'),(3314,'principal','形容詞\r','第一の・主要な'),(3315,'prior','副詞\r','先の、優先する'),(3316,'prioritize','動詞\r','優先順位を付ける'),(3317,'priority','名詞\r','優先権'),(3318,'prituresque','形容詞\r','絵のような・美しい'),(3319,'privileged classes','名詞\r','特権階級'),(3320,'problematic','形容詞\r','問題の、未完の'),(3321,'proceed','動詞\r','進む、続ける、生じる'),(3322,'prodigal','形容詞\r','金遣いのあらい'),(3323,'prodigious','形容詞\r','巨大な、膨大な'),(3324,'productivity','名詞\r','生産性・生産力'),(3325,'profess','動詞\r','公言する'),(3326,'proficiency','名詞\r','熟達・技量'),(3327,'proficient','形容詞\r','熟達した'),(3328,'profit','名詞\r','利益'),(3329,'profitable','形容詞\r','有益な'),(3330,'profound','形容詞\r','深い・深遠な'),(3331,'profundity','名詞\r','深遠'),(3332,'progress','動詞\r','前進する、進歩する'),(3333,'prolong','動詞\r','延長する'),(3334,'promise','名詞\r','約束・見込み'),(3335,'promote','動詞\r','促進させる、を昇進させる'),(3336,'prompt','形容詞\r','敏速な'),(3337,'promptly','副詞\r','敏速に・素早く'),(3338,'prone','/\r','～しがちな'),(3339,'pronounced','形容詞\r','表明された、著しい'),(3340,'pronounced','形容詞\r','明白な、著しい'),(3341,'propaganda','名詞\r','宣伝'),(3342,'proper','形容詞\r','適切な、固有な'),(3343,'property right','名詞\r','所有権'),(3344,'prophecy','名詞\r','予言'),(3345,'prophet','名詞\r','予言者'),(3346,'propinquity','名詞\r','近接性、近似'),(3347,'proponent','名詞\r','提案者'),(3348,'proportion','名詞\r','比例、割合'),(3349,'proposition','名詞\r','命題、提案'),(3350,'proposition','名詞\r','提案、命題'),(3351,'prose','名詞\r','散文'),(3352,'prosperous','動詞\r','繁栄している'),(3353,'protein','名詞\r','蛋白質'),(3354,'protracted','形容詞\r','長引いた、遅延性の'),(3355,'protrude','動詞\r','突き出る、突き出す'),(3356,'prove','動詞\r','証明する'),(3357,'provide','動詞\r','与える・備える'),(3358,'province','名詞\r','国、地方'),(3359,'provocative','名詞\r','刺激的'),(3360,'proximity','名詞\r','近接'),(3361,'prudish','形容詞\r','上品ぶった・気取った'),(3362,'psyche','名詞\r','魂'),(3363,'psychiatry','名詞\r','精神医学'),(3364,'psychical','形容詞\r','精神の'),(3365,'psychology','名詞\r','心理学'),(3366,'psychotic','形容詞\r','精神病の'),(3367,'puberty','名詞\r','思春期'),(3368,'public nuisance','名詞\r','公害'),(3369,'publication','名詞\r','出版、出版物'),(3370,'pullutant','名詞\r','汚染物質'),(3371,'pulse','名詞\r','脈拍'),(3372,'punch','動詞\r','穴をあける'),(3373,'punctual','形容詞\r','時間に正確な'),(3374,'puppet','名詞\r','指人形'),(3375,'purchase','動詞\r','購入する'),(3376,'purify','動詞\r','～を浄化する・洗練する'),(3377,'purport','動詞\r','意味する、意味する'),(3378,'purposeful','動詞\r','目的のある'),(3379,'purposive','動詞\r','目的のある、目的にかなった'),(3380,'pursue','動詞\r','追跡する、を追求する'),(3381,'putative','形容詞\r','推定の'),(3382,'qualia','名詞\r','質'),(3383,'qualify','動詞\r','に資格を与える、～だと評する、加減する'),(3384,'quantify','動詞\r','量で示す'),(3385,'quantitative','形容詞\r','量的な'),(3386,'quantum mechanical theory','名詞\r','量子力学'),(3387,'quarrel','名詞\r','喧嘩、口論'),(3388,'queer','形容詞\r','奇妙な'),(3389,'quench','動詞\r','～を消す・抑える'),(3390,'quit','動詞\r','やめる、辞職する'),(3391,'quotation','名詞\r','引用'),(3392,'quote','動詞\r','引用する、引き合いに出す、見積もりをする'),(3393,'quotient','名詞\r','商・指数'),(3394,'rabbit','名詞\r','飼いウサギ'),(3395,'racial','形容詞\r','人種の'),(3396,'radiate','動詞\r','放射する'),(3397,'radically','副詞\r','急進的に、根本的に'),(3398,'radii','名詞\r','半径'),(3399,'radio-activity','名詞\r','放射能'),(3400,'rail','名詞\r','横木、レール'),(3401,'ramification','名詞\r','分岐'),(3402,'ramify','動詞\r','分岐する・小区分する'),(3403,'random','動詞\r','適当、ランダム、でたらめの'),(3404,'rapture','名詞\r','有頂天'),(3405,'rarefy','動詞\r','純化する、希薄にする'),(3406,'rathskeller','名詞\r','地下食堂・酒場'),(3407,'ratio','名詞\r','比率'),(3408,'rationale','名詞\r','理論的根拠'),(3409,'reaction','名詞\r','反応、反動'),(3410,'reactionary','形容詞\r','反動的な'),(3411,'read to','熟語\r','～に読んでやる'),(3412,'readily','副詞\r','容易に'),(3413,'realm','名詞\r','領土、領域'),(3414,'reap','動詞\r','収穫する、刈り入れをする'),(3415,'rear','動詞\r','上げる、立てる、を育てる'),(3416,'reassign','動詞\r','再割り当てする'),(3417,'reassuring','動詞\r','安心させる、元気づける'),(3418,'rebel','動詞\r','反乱を起こす'),(3419,'rebuke','動詞\r','非難する、小言を言う'),(3420,'recapture','動詞\r','奪回・再現する'),(3421,'recede','動詞\r','後退する'),(3422,'reception','名詞\r','接待'),(3423,'receptive','形容詞\r','感受性の鋭い・理解力のある'),(3424,'recess','名詞\r','休憩'),(3425,'recessive','形容詞\r','退行性の・劣性の'),(3426,'reciprocally','副詞\r','相互に'),(3427,'reciprocity','\r','返報性、相互性'),(3428,'recital','名詞\r','リサイタル・演奏会'),(3429,'recite','動詞\r','朗唱する、を暗唱する'),(3430,'reckless','形容詞\r','向こう見ずな'),(3431,'recollect','動詞\r','思い出す'),(3432,'recommendation','名詞\r','推薦'),(3433,'reconcile','動詞\r','和解させる、調和させる'),(3434,'record','動詞\r','記録する'),(3435,'recount','動詞\r','物語る'),(3436,'recur','動詞\r','再発する、繰り返される'),(3437,'redhead','名詞\r','赤毛'),(3438,'redouble','動詞\r','～を倍増する'),(3439,'reduce','動詞\r','～を減らす・減ずる'),(3440,'refer','動詞\r','言及する、を参照する'),(3441,'refine','動詞\r','精製する、を洗練されたものにする'),(3442,'refined','形容詞\r','洗練された、精製した'),(3443,'reflective','形容詞\r','反省的な'),(3444,'reflex','名詞\r','反射'),(3445,'reflexively','副詞\r','再帰的に・反省的に'),(3446,'re-frame','動詞\r','再構成する'),(3447,'refreshment','名詞\r','気分回復、軽食'),(3448,'refrigerator','名詞\r','冷蔵庫'),(3449,'refuge','名詞\r','避難、避難所'),(3450,'refund','名詞\r','返済'),(3451,'refutation','名詞\r','論破、反駁'),(3452,'regarding','副詞\r','に関して'),(3453,'regardless of -','副詞\r','に関係なく、～にんも関わらず'),(3454,'regenerate','動詞\r','再生させる'),(3455,'register','動詞\r','記録する、登録する、書き留めにする'),(3456,'register','名詞\r','記録、名簿'),(3457,'regulate','動詞\r','規制する、を取り締まる'),(3458,'reign','動詞\r','統治する、君臨する'),(3459,'reindeer','名詞\r','トナカイ'),(3460,'reinforce','動詞\r','補強する'),(3461,'reiterate','動詞\r','反復する'),(3462,'rejoice','動詞\r','喜ぶ'),(3463,'relate','動詞\r','関連づける、述べる'),(3464,'relative','形容詞\r','相対的な、関係ある'),(3465,'relative to -','熟語\r','～に関して、～に比例して'),(3466,'release','動詞\r','解き放つ、開放する、救助する'),(3467,'relevance','名詞\r','適切、関連'),(3468,'relevantly','副詞\r','適切に'),(3469,'reliability','名詞\r','信頼性・内的一貫性'),(3470,'reliance','名詞\r','依存性・信頼性'),(3471,'relic','名詞\r','遺品、遺跡、遺風'),(3472,'relieve','動詞\r','取り除く・救助する'),(3473,'relish','名詞\r','好み、風味'),(3474,'relocation','動詞\r','移転する'),(3475,'reluctant','形容詞\r','気が進まない、したがらない'),(3476,'remainder','名詞\r','残り・残余'),(3477,'remarkable','形容詞\r','注目すべき'),(3478,'remedy','名詞\r','治療法、救済策'),(3479,'reminiscence','名詞\r','回想'),(3480,'remit','動詞\r','送る'),(3481,'rend','動詞\r','裂く'),(3482,'render','動詞\r','～にする・示す'),(3483,'rendering','名詞\r','表現、翻訳'),(3484,'renounce','動詞\r','(権利など)放棄する、を(関係を)否認する'),(3485,'renovate','動詞\r','革新する'),(3486,'renown','名詞\r','名声'),(3487,'repent','動詞\r','後悔する、を残念に思う'),(3488,'repertoire','名詞\r','レパートリー'),(3489,'repetitive','形容詞\r','繰り返しの'),(3490,'replicate','動詞\r','模写する・複製する'),(3491,'repllica','名詞\r','複製品'),(3492,'reporter','名詞\r','報道記者'),(3493,'represent','動詞\r','意味する、表す、表象する、説明する、代表する'),(3494,'representative','名詞\r','代表者、代理人'),(3495,'representativeness','名詞\r','代表性'),(3496,'reproach','動詞\r','非難する'),(3497,'reproachfully','副詞\r','非難して'),(3498,'reproduction','名詞\r','再生、再現、繁殖'),(3499,'republic','名詞\r','共和国'),(3500,'repugnant','形容詞\r','とても不快な'),(3501,'repute','動詞\r','評判する、評判する'),(3502,'requirement','名詞\r','必要、要求'),(3503,'requisite','形容詞\r','必要な、不可欠な'),(3504,'resemblance','名詞\r','類似性'),(3505,'resent','動詞\r','腹を立てる、をひどく嫌う'),(3506,'resentful','形容詞\r','憤慨した'),(3507,'reservation','名詞\r','(権利の)留保、予約'),(3508,'residence','名詞\r','住宅、居住'),(3509,'residue','名詞\r','残り・残余'),(3510,'resolute','形容詞\r','決心の堅い、断固とした'),(3511,'resolve','動詞\r','決心する、分解する'),(3512,'resort','名詞\r','行楽地'),(3513,'resourceful','形容詞\r','臨機応変な'),(3514,'responsiveness','名詞\r','反応、答えること'),(3515,'restive','形容詞\r','反抗的な・落ち着きのない'),(3516,'restless','形容詞\r','不安な、落着かない'),(3517,'resume','動詞\r','取り返す、再び始める'),(3518,'resumption','名詞\r','再開'),(3519,'retail','動詞\r','小売りする'),(3520,'retain','動詞\r','保持する、記憶しておく'),(3521,'retention','名詞\r','保持'),(3522,'reticent','形容詞\r','無口の'),(3523,'retina','名詞\r','網膜'),(3524,'retinal','形容詞\r','網膜の'),(3525,'retire','動詞\r','退職する、退く'),(3526,'retirement','名詞\r','引退'),(3527,'retort','動詞\r','言い返す、し返しする'),(3528,'retreat','動詞\r','退く、退却する'),(3529,'retreat','名詞\r','退却'),(3530,'retribution','名詞\r','天罰'),(3531,'retrieve','動詞\r','回復する・取り戻す'),(3532,'retrospect','名詞\r','回顧'),(3533,'reveal','動詞\r','(隠れていたものを)現す、を暴露する'),(3534,'revealing','形容詞\r','露出的な、洞察に富む'),(3535,'revenge','名詞\r','復讐'),(3536,'revenge','動詞\r','報復する'),(3537,'revenue','名詞\r','歳入'),(3538,'reverence','名詞\r','尊敬'),(3539,'reverie','名詞\r','空想、幻想'),(3540,'reverse','名詞\r','逆'),(3541,'revitalize','動詞\r','生き返らせる'),(3542,'revolt','動詞\r','反乱を起こす、反抗する'),(3543,'rhyme','名詞\r','韻・韻を踏む'),(3544,'rid','動詞\r','～を逃れさせる'),(3545,'riddle','名詞\r','なぞ、不可解なもの'),(3546,'righteous','形容詞\r','正しい、高潔な'),(3547,'rigid','形容詞\r','厳格な、堅い'),(3548,'ring up','動詞\r','電話する'),(3549,'ritual','名詞\r','儀式、日常繰り返す習慣'),(3550,'rivet','動詞\r','固める'),(3551,'roam','動詞\r','あてもなく歩く'),(3552,'roar','動詞\r','ほえる、とどろく'),(3553,'rob','動詞\r','盗む'),(3554,'roll','名詞\r','名簿、巻いたもの'),(3555,'rose relationship','名詞\r','親密な関係'),(3556,'rot','動詞\r','腐る'),(3557,'rotate','動詞\r','回転する'),(3558,'rounded','形容詞\r','丸まった'),(3559,'rouse','動詞\r','目覚めさせる、を奮起させる'),(3560,'routine','形容詞\r','決まりきった、日常の'),(3561,'royal','形容詞\r','王の'),(3562,'rub','動詞\r','こする'),(3563,'rubbish','名詞\r','くず'),(3564,'rubble','名詞\r','破片'),(3565,'rugged','形容詞\r','ごつごつした、でこぼこの'),(3566,'ruin','動詞\r','破滅させる、を台無しにする'),(3567,'rule out','熟語\r','除外する'),(3568,'ruler','\r','支配者、統治者'),(3569,'run','動詞\r','走る、立候補する、流れる、経営する'),(3570,'run on','動詞\r','走り続ける'),(3571,'run out of -','熟語\r','お金を使い果たす'),(3572,'runway','名詞\r','滑走路'),(3573,'rural','形容詞\r','田舎の、田園の'),(3574,'ruse','名詞\r','計略・策略'),(3575,'rust','名詞\r','さび'),(3576,'rustic','形容詞\r','田舎の、素朴な'),(3577,'ruthless','形容詞\r','無慈悲な、情け容赦のない'),(3578,'sabstantive','形容詞\r','実在的、独立の'),(3579,'sacred','形容詞\r','神聖な'),(3580,'sacrifice','動詞\r','犠牲にする'),(3581,'sagacious','形容詞\r','賢い'),(3582,'sage','名詞\r','賢人'),(3583,'salience','名詞\r','顕現性'),(3584,'salient','形容詞\r','顕著な'),(3585,'saliva','名詞\r','唾液'),(3586,'salutation','名詞\r','挨拶'),(3587,'salute','動詞\r','敬礼する、にあいさつする'),(3588,'salute','名詞\r','会釈、敬礼'),(3589,'salvation','名詞\r','救済'),(3590,'sandy bank','名詞\r','砂の土手'),(3591,'sane','形容詞\r','正気の'),(3592,'satire','名詞\r','風刺、皮肉'),(3593,'satirize','動詞\r','皮肉る・風刺する'),(3594,'saturation','名詞\r','飽和'),(3595,'saw','名詞\r','のこぎり'),(3596,'say to oneself','熟語\r','独り言を言う'),(3597,'scaffolding','名詞\r','足場'),(3598,'scalpel','名詞\r','メス'),(3599,'scanty','形容詞\r','乏しい、わずかな'),(3600,'scatter','動詞\r','ばらまく'),(3601,'scenery','名詞\r','風景'),(3602,'scent','名詞\r','におい、手掛かり'),(3603,'schallow','形容詞\r','浅い'),(3604,'scheme','名詞\r','計画'),(3605,'scholarship','名詞\r','奨学金'),(3606,'scintillation','名詞\r','ひらめき・きらめき'),(3607,'scissors','名詞\r','はさみ'),(3608,'scope','名詞\r','範囲、余地'),(3609,'scores of','形容詞\r','多数の'),(3610,'scornfully','形容詞\r','軽蔑したように'),(3611,'scout','名詞\r','斥候、偵察兵'),(3612,'scramble','動詞\r','ごちゃまぜにする'),(3613,'scratch','動詞\r','ひっかく、を走り書きする'),(3614,'scribble','名詞\r','殴り書き'),(3615,'scroll','名詞\r','巻物、巻く'),(3616,'scrub','動詞\r','こすって洗う'),(3617,'scrutinize','動詞\r','精査・吟味・凝視する'),(3618,'scrutiny','名詞\r','綿密な調査、吟味'),(3619,'scuffling','名詞\r','格闘'),(3620,'sculpture','名詞\r','彫刻'),(3621,'seagull','名詞\r','かもめ'),(3622,'secondary','形容詞\r','二次的な'),(3623,'secretariat','名詞\r','事務局'),(3624,'secretion','名詞\r','分泌'),(3625,'secure','形容詞\r','安全な'),(3626,'seduction','名詞\r','誘惑、そそのかし'),(3627,'see about -','動詞\r','処理をする'),(3628,'see to it that -','動詞\r','～するように取り計らう'),(3629,'seeming','形容詞\r','外見上の、うわべの'),(3630,'self-awareness','名詞\r','自意識'),(3631,'self-reflective','形容詞\r','内省的な'),(3632,'semester','名詞\r','学期'),(3633,'semitic','形容詞\r','ユダヤ人の・セム人の'),(3634,'senior citizen','名詞\r','高齢者、老人'),(3635,'sensation','名詞\r','感覚、大評判'),(3636,'sensorium','名詞\r','感覚中枢・知覚器官'),(3637,'sentence','動詞\r','判決を宣告する'),(3638,'sentiment','名詞\r','感情'),(3639,'serve as','動詞\r','代用になる'),(3640,'serve to do','動詞\r','するのに役立つ'),(3641,'set eyes on','熟語\r','見る'),(3642,'set forth','動詞\r','出かける'),(3643,'set up','動詞\r','たち上げる、立ち上げ'),(3644,'setting','名詞\r','設置、設定'),(3645,'severely','副詞\r','厳格に・激しく'),(3646,'sew','動詞\r','縫う'),(3647,'shabby','形容詞\r','みすぼらしい'),(3648,'shallow','形容詞\r','浅い'),(3649,'shameful','形容詞\r','恥ずべき'),(3650,'shape','名詞\r','形作る'),(3651,'shark','名詞\r','サメ'),(3652,'shed','動詞\r','(涙・血)流す、(葉)を落とす(光)を放つ'),(3653,'sheer','形容詞\r','まったくの'),(3654,'shelter','名詞\r','避難、避難所'),(3655,'shift','動詞\r','変える、を移す'),(3656,'ship off','熟語\r','～を船で送る・国外に追い払う'),(3657,'shipwreck','名詞\r','難破'),(3658,'shiver','動詞\r','震える'),(3659,'shore','名詞\r','岸'),(3660,'shortage','名詞\r','不足'),(3661,'shortcoming','名詞\r','欠点'),(3662,'shout','動詞\r','叫ぶ'),(3663,'shove','動詞\r','(強く)押す'),(3664,'shrewd','形容詞\r','抜け目のない、鋭い'),(3665,'shrink','動詞\r','縮む、しり込みする'),(3666,'shudder','動詞\r','震える'),(3667,'shutoff','名詞\r','仕切り栓'),(3668,'side by side','熟語\r','並んで'),(3669,'significance','名詞\r','重要性、意味'),(3670,'significant','形容詞\r','重大な、意味のある'),(3671,'signify','動詞\r','示す、を意味する'),(3672,'silhouette','名詞\r','シルエット・影'),(3673,'silvery','形容詞\r','銀の'),(3674,'simmer','動詞\r','煮え立つ'),(3675,'simplistic','形容詞\r','単純化しすぎた'),(3676,'simulate','動詞\r','振りをする・まねる'),(3677,'single out','熟語\r','選抜する'),(3678,'singularity','名詞\r','単一・特異性'),(3679,'sinner','名詞\r','罪人'),(3680,'sinsere','形容詞\r','誠実な'),(3681,'site','名詞\r','用地'),(3682,'situated','副詞\r','位置して、境遇にあって'),(3683,'skeletal','形容詞\r','骨格の'),(3684,'skeleton','名詞\r','骸骨、骨組み'),(3685,'skeptical','形容詞\r','懐疑的な'),(3686,'sketchy','形容詞\r','スケッチの・未完成の'),(3687,'skew','動詞\r','歪める、そらす'),(3688,'skilful','形容詞\r','熟練した'),(3689,'skip','動詞\r','軽く飛ぶ、飛ばし読みする'),(3690,'skull','名詞\r','頭蓋骨'),(3691,'slack','形容詞\r','たるんだ、不景気な'),(3692,'slam','動詞\r','ばたんと閉める'),(3693,'slant','名詞\r','傾斜'),(3694,'slap','動詞\r','平手打ちを食わせる'),(3695,'slaughter','動詞\r','虐殺する'),(3696,'slaughter','名詞\r','大量殺人'),(3697,'slight','形容詞\r','わずかな'),(3698,'slumber','動詞\r','眠って過ごす'),(3699,'sly','形容詞\r','ずるがしこい'),(3700,'smack','名詞\r','におい・風味'),(3701,'smash','動詞\r','粉々にする'),(3702,'smelting','名詞\r','溶解'),(3703,'smother','動詞\r','窒息させる、をもみ消す'),(3704,'snare','名詞\r','わな、落とし穴'),(3705,'sneer','動詞\r','冷笑する'),(3706,'snide','形容詞\r','卑劣な'),(3707,'sniffle','動詞\r','鼻をすする'),(3708,'snobbery','名詞\r','俗物根性'),(3709,'so far','熟語\r','今までの所は'),(3710,'so much for -','熟語\r','～の話はおしまい'),(3711,'soak','動詞\r','浸す、をびしょぬれにする'),(3712,'sob','動詞\r','すすり泣く'),(3713,'sober','形容詞\r','酒に酔っていない'),(3714,'sociability','名詞\r','社交性'),(3715,'social','形容詞\r','社交的な、社会の'),(3716,'socialist','形容詞\r','社会主義の'),(3717,'socializing','名詞\r','社会化'),(3718,'societal','形容詞\r','社会の'),(3719,'sociology','名詞\r','社会学'),(3720,'sodium','名詞\r','ナトリウム'),(3721,'soil','名詞\r','土地、台地'),(3722,'solar system','名詞\r','太陽系'),(3723,'soldier','名詞\r','軍人'),(3724,'sole','形容詞\r','唯一の'),(3725,'solely','副詞\r','単独で、単独に、ただ単に'),(3726,'solemn','形容詞\r','厳粛な'),(3727,'solicit','動詞\r','請い求める'),(3728,'solitary','形容詞\r','孤独な、ただ一つの'),(3729,'solitude','名詞\r','孤独、人里離れた場所'),(3730,'somewhere','副詞\r','ほぼ'),(3731,'soothe','動詞\r','なだめる、(痛みを)和らげる'),(3732,'sore','形容詞\r','痛い、悲しい、怒っている'),(3733,'souvenir','名詞\r','記念品、みやげ物'),(3734,'sovereign','名詞\r','君主'),(3735,'sow','動詞\r','(種を)まく'),(3736,'sparkle','動詞\r','進む、キラキラ光る'),(3737,'sparse','形容詞\r','希薄な'),(3738,'spearhead','動詞\r','～の先頭に立つ'),(3739,'specialization','名詞\r','専門化・特殊化'),(3740,'specificity','名詞\r','特異性、限定性'),(3741,'specimen','名詞\r','見本、標本'),(3742,'specious','形容詞\r','もっともらしい'),(3743,'speck','名詞\r','シミ・点'),(3744,'spectacle','名詞\r','光景'),(3745,'spectacular','動詞\r','人目を引く'),(3746,'spectator','名詞\r','観客'),(3747,'spectrum','名詞\r','スペクトル'),(3748,'speculate','動詞\r','投機をする、推量する'),(3749,'sphere','名詞\r','球、天体、領域'),(3750,'spice','名詞\r','香辛料'),(3751,'spill','動詞\r','こぼす、あふれさす'),(3752,'spine','名詞\r','脊椎、とげ'),(3753,'spirited','形容詞\r','活気のある'),(3754,'spiritual','形容詞\r','精神的な、霊的な'),(3755,'splash','動詞\r','をはね散らかす'),(3756,'splendid','形容詞\r','素晴らしい、豪華な'),(3757,'splutter','動詞\r','興奮してしゃべる'),(3758,'spontaneously','名詞\r','自発的'),(3759,'spread','動詞\r','広げる、広がる'),(3760,'spur','動詞\r','拍車を当てる、を励ます'),(3761,'spurt','名詞\r','スパート、噴出'),(3762,'squabble','動詞\r','口論する、言い争う'),(3763,'squeak','名詞\r','ちゅうちゅう声'),(3764,'squeaky','動詞\r','キーキーいう'),(3765,'squeeze','動詞\r','絞る'),(3766,'squirrel','名詞\r','りス'),(3767,'stable','形容詞\r','安定した'),(3768,'stain','名詞\r','汚れ'),(3769,'stake','名詞\r','杭'),(3770,'stale','形容詞\r','新鮮でない、陳腐な'),(3771,'stamble upon','熟語\r','～を偶然見つける'),(3772,'stand by','動詞\r','傍観している、養護する'),(3773,'standby','形容詞\r','緊急時の・予備の'),(3774,'startle','動詞\r','びっくりさせる'),(3775,'state','動詞\r','述べる'),(3776,'statesman','名詞\r','政治家'),(3777,'static','形容詞\r','静的な、活気のない'),(3778,'statue','名詞\r','像、彫刻'),(3779,'stature','名詞\r','身長'),(3780,'stay around','熟語\r','周囲にいる'),(3781,'steadily','形容詞\r','堅実・着実・徐々に'),(3782,'steer','動詞\r','操縦する'),(3783,'stem','名詞\r','茎、幹'),(3784,'stem','動詞\r','由来する'),(3785,'stem from -','熟語\r','～から生ずる'),(3786,'stereotype','名詞\r','固定観念、型にはまった見方'),(3787,'sterile','形容詞\r','子を産まない、不毛の'),(3788,'stern','形容詞\r','厳格な、厳しい'),(3789,'sternly','副詞\r','厳格に'),(3790,'steward','名詞\r','執事・会計係'),(3791,'stick','動詞\r','刺さる、支持する、固執する、粘着する'),(3792,'stick to','動詞\r','執着する'),(3793,'sticky','形容詞\r','粘着性の・やっかいな'),(3794,'stiff','形容詞\r','堅い、堅苦しい'),(3795,'stiffen','動詞\r','堅くする'),(3796,'stiffness','名詞\r','堅いこと・頑固'),(3797,'stilted','形容詞\r','大げさな'),(3798,'stimulate','動詞\r','刺激する'),(3799,'stimulus','名詞\r','刺激'),(3800,'sting','動詞\r','刺す、痛む'),(3801,'stingy','形容詞\r','けちな'),(3802,'stir','動詞\r','かき回す、を奮起させる'),(3803,'stock','名詞\r','在庫、貯蓄、株式'),(3804,'stoop','動詞\r','かがむ'),(3805,'storehouse','名詞\r','貯蔵庫'),(3806,'stork','名詞\r','コウノトリ'),(3807,'stormy','形容詞\r','嵐の'),(3808,'stout','形容詞\r','頑丈な、太った'),(3809,'straight','形容詞\r','真っ直ぐな、垂直な、直接の'),(3810,'straightforward','形容詞\r','真っ正直な、率直な'),(3811,'strand','名詞\r','岸、要素'),(3812,'stratum','名詞\r','層、地層、階層'),(3813,'streak','名詞\r','筋、しま'),(3814,'stream','名詞\r','小川、流れ'),(3815,'strenuous','形容詞\r','精力的な、骨の折れる'),(3816,'stress','動詞\r','強調する'),(3817,'stretch','動詞\r','伸ばす、伸びる'),(3818,'stretch out','動詞\r','手足を伸ばす'),(3819,'stride','動詞\r','大股に歩く'),(3820,'striking','形容詞\r','目立った、顕著な'),(3821,'string','名詞\r','紐'),(3822,'stringent','形容詞\r','緊急の、厳格な'),(3823,'strip','動詞\r','から～を剥ぎ取る、を裸にする'),(3824,'strive','動詞\r','努力する'),(3825,'stroke','動詞\r','打つ・撫でる'),(3826,'stroll','動詞\r','ぶらぶら歩く'),(3827,'stubborn','形容詞\r','頑固な、断固とした'),(3828,'stuffy','形容詞\r','息苦しい'),(3829,'stumble','動詞\r','つまずく'),(3830,'stump','動詞\r','引きずるように歩く'),(3831,'subconscious','名詞\r','潜在意識'),(3832,'subdue','動詞\r','征服する、を抑える'),(3833,'subject index','名詞\r','事項インデックス'),(3834,'subjective','形容詞\r','主観的な'),(3835,'subjectivit','名詞\r','主観性'),(3836,'sublime','形容詞\r','崇高な'),(3837,'submitt','動詞\r','～に提出する・服従する'),(3838,'subordinate','形容詞\r','より下位の'),(3839,'subscribe','動詞\r','寄付する、予約講読する'),(3840,'subsequent','形容詞\r','従属の・結果として起こる'),(3841,'substantial','形容詞\r','実質的な'),(3842,'substitute','名詞\r','代理、代理人'),(3843,'subterranean','形容詞\r','地下の'),(3844,'subtle','形容詞\r','微妙な'),(3845,'subtype','名詞\r','亜型、特殊型'),(3846,'suburban','形容詞\r','郊外の'),(3847,'succeed in -','動詞\r','成功する'),(3848,'succeed to -','動詞\r','継承する'),(3849,'successive','動詞\r','連続的な、継続する'),(3850,'suck','動詞\r','吸う'),(3851,'suffer','動詞\r','被る、苦しむ'),(3852,'suitable','形容詞\r','適切な'),(3853,'suite','名詞\r','組、一続き'),(3854,'sullen','形容詞\r','不機嫌な、陰気な'),(3855,'summarisation','名詞\r','要約'),(3856,'summon','動詞\r','呼び出す'),(3857,'superficial','形容詞\r','表面の、うわべだけの'),(3858,'superfluous','形容詞\r','余計な・余った'),(3859,'superintendent','名詞\r','監督・管理者'),(3860,'superstition','名詞\r','迷信'),(3861,'supplant','動詞\r','～にとって代わる'),(3862,'supplement','動詞\r','補う'),(3863,'supplement','名詞\r','補足、付録'),(3864,'supplementary','形容詞\r','補足の・付録の'),(3865,'suppress','動詞\r','抑える'),(3866,'suppression','名詞\r','抑制'),(3867,'supreme','形容詞\r','最高の'),(3868,'surgeon','名詞\r','外科医'),(3869,'surmise','動詞\r','推測する'),(3870,'surmount','動詞\r','克服する'),(3871,'surpass','動詞\r','にまさる、をしのぐ'),(3872,'surrender oneself to -','熟語\r','～に身を任せる'),(3873,'surrnder to -','熟語\r','～に屈する'),(3874,'survey','動詞\r','見渡す、を測量する'),(3875,'suspend','動詞\r','つるす、を中断する'),(3876,'suspension','名詞\r','中止、浮遊'),(3877,'sustain','動詞\r','支える、を維持する、に耐える'),(3878,'swallow','動詞\r','飲み込む'),(3879,'swarm','動詞\r','群がる'),(3880,'sway','動詞\r','揺れる、揺さぶる、を左右する'),(3881,'swear','動詞\r','誓う、ののしる'),(3882,'sweep','動詞\r','清掃する、一掃する'),(3883,'sweeping','形容詞\r','広範な、決定的な'),(3884,'sweetheart','名詞\r','恋人'),(3885,'swell','動詞\r','ふくらむ、増大する'),(3886,'swift','形容詞\r','迅速な'),(3887,'syllabus','名詞\r','要目'),(3888,'sympath','形容詞\r','交感神経の'),(3889,'synonymous','形容詞\r','同意語の'),(3890,'synthesis','名詞\r','総合、合成'),(3891,'synthesize','動詞\r','統合・総合する'),(3892,'tact','名詞\r','機転、如才なさ'),(3893,'tactless','形容詞\r','機転の利かない'),(3894,'take away','熟語\r','取り去る'),(3895,'take delight in -','熟語\r','～を楽しむ'),(3896,'take heart','熟語\r','気を取り直す'),(3897,'take off','熟語\r','出発・離陸する、取り去る'),(3898,'take refuge','熟語\r','避難する'),(3899,'take thought','熟語\r','熟考する'),(3900,'tale','名詞\r','話'),(3901,'tame','形容詞\r','飼いならされた、従順な'),(3902,'tangential','形容詞\r','接線の、脱線的な'),(3903,'tangle','動詞\r','もつれさせる'),(3904,'tantalize','動詞\r','～をじらす'),(3905,'target','名詞\r','標的、目標'),(3906,'taxonomy','名詞\r','分類学'),(3907,'taxtion','名詞\r','課税'),(3908,'tedious','形容詞\r','退屈な、あきあきする'),(3909,'telegraph','名詞\r','電信'),(3910,'telescope','名詞\r','望遠鏡'),(3911,'temperament','名詞\r','気質、体質'),(3912,'temperance','名詞\r','節制、禁酒'),(3913,'template','名詞\r','鋳型'),(3914,'tempt','動詞\r','誘惑する'),(3915,'temptation','名詞\r','誘惑'),(3916,'tenant','名詞\r','借家人'),(3917,'tendency','名詞\r','傾向、性癖'),(3918,'tender','形容詞\r','柔らかい、未熟な'),(3919,'tense','名詞\r','緊張'),(3920,'tentative','形容詞\r','試験的な'),(3921,'tentatively','副詞\r','試験的に・仮に'),(3922,'tenure','名詞\r','在任期間・終身雇用'),(3923,'terminate','動詞\r','終わらせる'),(3924,'terminating','形容詞\r','有限の'),(3925,'termination','名詞\r','終了'),(3926,'terminological','形容詞\r','術語上の'),(3927,'terminology','名詞\r','専門用語'),(3928,'terrace','名詞\r','台地、高台'),(3929,'terrific','形容詞\r','非常な、おそろしい'),(3930,'terrify','動詞\r','恐がらせる'),(3931,'testify','動詞\r','証言する'),(3932,'testimony','名詞\r','証言、証拠'),(3933,'the bulk of -','熟語\r','～の大部分'),(3934,'the late teens','熟語\r','十代後半'),(3935,'the people in general','名詞\r','一般大衆'),(3936,'the second person','名詞\r','二人称'),(3937,'the spinal cord','名詞\r','脊髄'),(3938,'thence','接続詞\r','そこから、それ故'),(3939,'theological','形容詞\r','神学の'),(3940,'thereafter','接続詞\r','その後は'),(3941,'thereby','接続詞\r','それによって'),(3942,'thermogram','名詞\r','熱像'),(3943,'thermometer','名詞\r','温度計'),(3944,'thesis','名詞\r','論文'),(3945,'think out','熟語\r','考え出す、解決する'),(3946,'thirst','名詞\r','のどの渇き、渇望'),(3947,'thirsty','形容詞\r','のどの渇いた、渇望する'),(3948,'thoughtful','形容詞\r','考え深い'),(3949,'thoughtfully','副詞\r','思慮深く・思いやり深く'),(3950,'thrash about','動詞\r','のたうち回る'),(3951,'thread','名詞\r','糸、筋道、'),(3952,'threat','名詞\r','脅し'),(3953,'threateningly','副詞\r','脅すように'),(3954,'threshold','名詞\r','入り口、限界、境界'),(3955,'thrice','名詞\r','三倍'),(3956,'thrifty','動詞\r','倹約する、つつましい'),(3957,'thrill','動詞\r','をぞくぞくさせる、ぞくぞくする'),(3958,'throat','名詞\r','のど'),(3959,'throb','動詞\r','どきどきする'),(3960,'throng','名詞\r','群衆'),(3961,'thrust','動詞\r','突き刺す、を押し分ける'),(3962,'thumb','名詞\r','親指'),(3963,'thunderous','形容詞\r','雷のような'),(3964,'tidy','形容詞\r','きちんとした、きれい好きな'),(3965,'timber','名詞\r','材木'),(3966,'time in service','名詞\r','勤続年数'),(3967,'timid','形容詞\r','臆病な、内気な'),(3968,'timidly','副詞\r','臆病に'),(3969,'tinkle','動詞\r','チリンチリンと鳴らす'),(3970,'tiresome','形容詞\r','退屈な'),(3971,'tissue','名詞\r','組織'),(3972,'to an extent','熟語\r','ある程度'),(3973,'to begin with','熟語\r','まず第一に'),(3974,'to no purpose','熟語\r','無駄に'),(3975,'to the fore','副詞\r','前面に'),(3976,'to the letter','熟語\r','文字通りに'),(3977,'toe','名詞\r','足の指、つま先'),(3978,'toil','動詞\r','あくせく働く'),(3979,'toil','名詞\r','骨折り、苦労'),(3980,'token','名詞\r','しるし、記念品'),(3981,'tolerable','動詞\r','がまんのできる、かなりよい'),(3982,'topography','名詞\r','地誌、地形、形態学'),(3983,'torment','動詞\r','苦しめる'),(3984,'torture','名詞\r','拷問'),(3985,'totalitarian','形容詞\r','全体主義の'),(3986,'toxic','形容詞\r','有毒な、中毒の'),(3987,'trace','名詞\r','跡、少量'),(3988,'track','動詞\r','の(足)跡を追う'),(3989,'tractable','形容詞\r','扱いやすい、従順な'),(3990,'trait','名詞\r','特色'),(3991,'traitor','名詞\r','裏切り者、反逆者'),(3992,'trajectory','名詞\r','軌跡'),(3993,'tramp','動詞\r','踏みつける'),(3994,'tranquil','形容詞\r','静かな、穏やかな'),(3995,'transcendental','名詞\r','先験的'),(3996,'transcript','名詞\r','複写、写本'),(3997,'transfer','名詞\r','移し変える、移る、乗り換える'),(3998,'transform','動詞\r','変形させる'),(3999,'transgress','動詞\r','背く'),(4000,'transient','形容詞\r','一時的な、つかの間の'),(4001,'translate','動詞\r','翻訳する'),(4002,'translucent','形容詞\r','半透明の'),(4003,'transmit','動詞\r','伝える、送る'),(4004,'transplant','動詞\r','移植する'),(4005,'transport','動詞\r','運ぶ'),(4006,'transpose','動詞\r','置き換える'),(4007,'trap','名詞\r','わな'),(4008,'trash','名詞\r','ごみ'),(4009,'traverse','動詞\r','横切る'),(4010,'treacherous','形容詞\r','二心のある、当てにならない'),(4011,'tread','動詞\r','歩く'),(4012,'treason','名詞\r','反逆'),(4013,'treat','動詞\r','扱う、楽しみ'),(4014,'treatment','名詞\r','処置、治療'),(4015,'treaty','名詞\r','条約'),(4016,'tremble','動詞\r','震える'),(4017,'trend','名詞\r','方向、傾向、風潮'),(4018,'tribal','名詞\r','種族'),(4019,'tribute','名詞\r','賛辞、貢ぎ物'),(4020,'trickle','動詞\r','したたる'),(4021,'trifle','名詞\r','つまらないもの'),(4022,'trim','動詞\r','整頓する、刈り込む'),(4023,'tripartite','形容詞\r','三分割の'),(4024,'triple','形容詞\r','3倍の・3倍にする'),(4025,'triumphantly','副詞\r','勝ち誇って'),(4026,'trivial','形容詞\r','ささいな、つまらない'),(4027,'tropical','形容詞\r','熱帯の'),(4028,'trunk','名詞\r','トランク、幹'),(4029,'trying','形容詞\r','面倒な'),(4030,'tuition','名詞\r','授業、授業料'),(4031,'tumble','動詞\r','倒れる、転ぶ'),(4032,'tumultuous','形容詞\r','騒がしい・乱れた'),(4033,'tune','名詞\r','曲'),(4034,'tunnel vision','名詞\r','視野の狭さ'),(4035,'Turkey','形容詞\r','トルコの'),(4036,'turmoil','名詞\r','混乱、騒動、動揺'),(4037,'turn up','動詞\r','姿を現す、不意に起こる'),(4038,'tutor','名詞\r','家庭教師'),(4039,'tutorial','形容詞\r','個別指導の'),(4040,'twilight','名詞\r','夕暮れ、薄暗がり'),(4041,'twist','動詞\r','ねじる'),(4042,'twitch','動詞\r','ピクピク動かす'),(4043,'twofold','形容詞\r','二倍の・二重の'),(4044,'tyranny','名詞\r','圧政'),(4045,'ultimate','形容詞\r','究極の'),(4046,'unadventurous','形容詞\r','無事な・安全な'),(4047,'unbridled','形容詞\r','無拘束の'),(4048,'underlying','形容詞\r','基礎的な'),(4049,'undermine','動詞\r','掘る、浸食する'),(4050,'underneath','副詞\r','下に、下で'),(4051,'underpin','動詞\r','補強する'),(4052,'undertake','動詞\r','引き受ける、に着手する'),(4053,'underworld','名詞\r','下層社会・あの世'),(4054,'undo','動詞\r','ゆるめる、元に戻す'),(4055,'unduly','形容詞\r','永遠の・過度の'),(4056,'unease','名詞\r','不安'),(4057,'uneasy','形容詞\r','不安な、窮屈な'),(4058,'unemployment','名詞\r','失業'),(4059,'unenviable','形容詞\r','ねたましくない'),(4060,'unequivocally','形容詞\r','疑う余地なく、明白に'),(4061,'uneven','形容詞\r','平坦でない'),(4062,'unfairly','形容詞\r','不正な'),(4063,'unfeeling','形容詞\r','冷酷な、無情な'),(4064,'unfold','動詞\r','広げる、展開する'),(4065,'unhook','動詞\r','掛け金をはずす'),(4066,'unidirectionally','副詞\r','一方向に'),(4067,'unify','動詞\r','単位化する、統一する'),(4068,'uninterrupted','形容詞\r','とぎれのない'),(4069,'union','名詞\r','結合、合体'),(4070,'unitary','形容詞\r','単一の'),(4071,'unity','名詞\r','統一、一致'),(4072,'unprecedented','形容詞\r','前例のない'),(4073,'unqualified','形容詞\r','資格のない、制限のない'),(4074,'unravel','動詞\r','解明する'),(4075,'unreliable','形容詞\r','あてにならない'),(4076,'unrequited','形容詞\r','報われていない、一方向の'),(4077,'unrivaled','形容詞\r','比類なき'),(4078,'unsatisfactory','形容詞\r','不満足な'),(4079,'unshakeable','形容詞\r','揺るぎない'),(4080,'unsoundness','名詞\r','不健全さ'),(4081,'unwittingly','形容詞\r','意識しない、無意識の'),(4082,'up to a point','副詞\r','ある程度'),(4083,'upcoming','形容詞\r','きたるべき'),(4084,'uperfluous','形容詞\r','余分な'),(4085,'uphold','動詞\r','支持する、を励ます'),(4086,'uplift','動詞\r','～を持ち上げる'),(4087,'upright','形容詞\r','直立した、正直な'),(4088,'uproar','名詞\r','騒ぎ'),(4089,'upward','副詞\r','上の方に'),(4090,'urge','動詞\r','駆り立てる'),(4091,'urgent','形容詞\r','差し迫った'),(4092,'usage','名詞\r','使用法、慣例'),(4093,'usher','動詞\r','先導する'),(4094,'utility','名詞\r','役に立つこと'),(4095,'utilize','動詞\r','利用する'),(4096,'utmost','形容詞\r','最大限の'),(4097,'utter','動詞\r','(声を)発する、を言う'),(4098,'utter','形容詞\r','全くの'),(4099,'utterance','名詞\r','発言'),(4100,'vacant','形容詞\r','からの、ぼんやりした'),(4101,'vacuum','名詞\r','真空、空虚'),(4102,'vague','形容詞\r','あいまいな、ぼんやりした'),(4103,'valid','形容詞\r','妥当な、合法的な'),(4104,'validation','名詞\r','確認・確証'),(4105,'vandalism','名詞\r','破壊'),(4106,'vapor','名詞\r','蒸気'),(4107,'variability','名詞\r','変化性、多様性'),(4108,'variegated','形容詞\r','多彩な'),(4109,'variety','名詞\r','多様性、種類'),(4110,'vary','動詞\r','変える、変わる'),(4111,'vascular','形容詞\r','血管の'),(4112,'vegetation','名詞\r','植物'),(4113,'vegetative','形容詞\r','植物の、生命力のある'),(4114,'vehement','形容詞\r','強烈な、激しい'),(4115,'vehicle','名詞\r','乗り物'),(4116,'vein','名詞\r','静脈、気質'),(4117,'venthole','名詞\r','通気孔'),(4118,'ventilation','名詞\r','風通し・喚起'),(4119,'venture','動詞\r','思い切って～する、を危険にさらす'),(4120,'verb intransitive','名詞\r','自動詞'),(4121,'verb transitive','名詞\r','他動詞'),(4122,'verbal','形容詞\r','言葉の、言葉による'),(4123,'verbally','形容詞\r','言語的な'),(4124,'verge','名詞\r','瀬戸際、へり'),(4125,'veridical','形容詞\r','真実・本物の'),(4126,'verification','名詞\r','検証、確認、確証'),(4127,'verify','動詞\r','立証する'),(4128,'veritable','形容詞\r','本当の'),(4129,'verse','名詞\r','韻文'),(4130,'version','名詞\r','版、翻訳、意見'),(4131,'vertical','形容詞\r','垂直な'),(4132,'verticality','名詞\r','垂直、鉛直'),(4133,'vessel','名詞\r','器、船'),(4134,'vex','動詞\r','をいらだたせる、を悩ませる'),(4135,'via','副詞\r','～経由で'),(4136,'viability','名詞\r','生存能力、実行可能性'),(4137,'viable','形容詞\r','実行可能な、生存可能な'),(4138,'vibrant','動詞\r','振動する'),(4139,'vicious','形容詞\r','不道徳な'),(4140,'victim','名詞\r','犠牲者、いけにえ'),(4141,'victor','名詞\r','勝利者'),(4142,'Victorian','形容詞\r','ビクトリア女王時代の'),(4143,'viewpoint','名詞\r','観点'),(4144,'vigor','名詞\r','活力'),(4145,'vigorous','形容詞\r','精力的な、力強い'),(4146,'vigorously','副詞\r','精力的に'),(4147,'vile','形容詞\r','下劣な'),(4148,'vindication','名詞\r','弁明、証明'),(4149,'violence','名詞\r','暴力'),(4150,'violent','形容詞\r','激しい、乱暴な'),(4151,'virtual','形容詞\r','事実上の'),(4152,'virtually','名詞\r','事実上'),(4153,'virtuous','形容詞\r','徳の高い'),(4154,'virus','名詞\r','ウィルス'),(4155,'visibility','名詞\r','視界'),(4156,'visual','形容詞\r','視覚の'),(4157,'vocation','名詞\r','職業'),(4158,'vogue','名詞\r','流行'),(4159,'void','形容詞\r','空虚な'),(4160,'volcano','名詞\r','火山'),(4161,'voluntary','形容詞\r','自発的な'),(4162,'vouch','動詞\r','請け負う、保証する'),(4163,'vow','動詞\r','を誓う'),(4164,'voyage','名詞\r','海の旅'),(4165,'vulgar','形容詞\r','下品な、大衆の'),(4166,'wage','名詞\r','賃金'),(4167,'wail','動詞\r','声を上げて泣く'),(4168,'wallet','名詞\r','財布'),(4169,'wander','動詞\r','さまよう'),(4170,'want','名詞\r','欠乏、貧困'),(4171,'warfare','名詞\r','戦闘、戦争状態'),(4172,'warily','副詞\r','用心して'),(4173,'wariness','名詞\r','心配'),(4174,'warn against -','熟語\r','～に用心するよう警告する'),(4175,'watershied','名詞\r','重要な分岐点'),(4176,'watertight','形容詞\r','防水の・完全な'),(4177,'way out','名詞\r','脱出法、打開策'),(4178,'wealty','形容詞\r','裕福な'),(4179,'wear','動詞\r','身につけている、疲れはてさせる'),(4180,'weary','形容詞\r','うんざりした'),(4181,'weave','動詞\r','を織る'),(4182,'weed','名詞\r','雑草'),(4183,'westerly','副詞\r','西へ'),(4184,'whereby','副詞\r','何によって、それによって'),(4185,'wherefore','副詞\r','どのような理由で'),(4186,'whim','名詞\r','気まぐれ'),(4187,'whimsical','形容詞\r','気まぐれな'),(4188,'whir','動詞\r','回転する'),(4189,'whirlwind','名詞\r','旋風'),(4190,'whisker','名詞\r','ひげ'),(4191,'whisper','動詞\r','ささやく'),(4192,'whistle','名詞\r','口笛'),(4193,'wholesome','形容詞\r','健全な、健康によい'),(4194,'wicked','形容詞\r','邪悪な、意地悪な、ひどい'),(4195,'width','名詞\r','幅'),(4196,'wilderness','名詞\r','荒野'),(4197,'wildly','副詞\r','粗野に'),(4198,'willful','形容詞\r','故意的な、わがままな'),(4199,'willing','動詞\r','喜んで～する'),(4200,'wish','動詞\r','望む'),(4201,'wistfully','副詞\r','物思いに沈んで'),(4202,'witch','動詞\r','魔女、魔法にかける'),(4203,'witchcraft','名詞\r','呪術、妖術'),(4204,'with insistence','熟語\r','執拗に'),(4205,'with reference to','熟語\r','～に関連しては'),(4206,'wither','動詞\r','しおれる'),(4207,'withhold','動詞\r','差し控える、を引き留める'),(4208,'without delay','熟語\r','すぐに、即刻'),(4209,'without fail','熟語\r','必ず～する'),(4210,'without precedent','熟語\r','前例なく'),(4211,'withstand','動詞\r','耐える、に抵抗する'),(4212,'witness','動詞\r','目撃する'),(4213,'witness','名詞\r','目撃者、証人'),(4214,'work out','熟語\r','問題を解く'),(4215,'worlds fair','名詞\r','万国博覧会'),(4216,'worm','名詞\r','虫'),(4217,'worrisome','形容詞\r','厄介な'),(4218,'worsen','動詞\r','悪化する'),(4219,'worthwhile','形容詞\r','価値のある'),(4220,'wound','動詞\r','傷つける'),(4221,'wreck','名詞\r','難破'),(4222,'wretched','形容詞\r','哀れな'),(4223,'wriggle out of','熟語\r','～からやっと逃れる'),(4224,'wring','名詞\r','絞る'),(4225,'wrinkle','名詞\r','しわ'),(4226,'wrongly','副詞\r','誤って・不当に'),(4227,'yell','名詞\r','大声を出す、応援する'),(4228,'ymptom','名詞\r','兆候、症状'),(4229,'youngster','名詞\r','若者、少年'),(4230,'abdicate','動詞\r','退位する; (権利・責任などを)放棄する'),(4231,'aboriginal','形容詞\r','初めからの、先住の; 土着の(動植物); 先住民(の); (普通A-) オーストラリア先住民(の)'),(4232,'abreast','副詞\r','並んで、肩を並べて'),(4233,'abstract','形容詞\r','抽象的な、観念的な、理論的な; 非現実的な、空想的な; 深遠な; 放心の、ぼんやりした; 【美】抽象派の'),(4234,'accessible','形容詞\r','近づきやすい; 得やすい; 入手できる; 影響されやすい'),(4235,'accommodation','名詞\r','(宿泊)設備; 適応, 調節; 融通, 貸し金; 便宜; 待遇; 【生理】遠近調節.'),(4236,'accord','動詞\r','一致(する)、合う、調和(する)、協定(を結ぶ) ((with)).'),(4237,'accountant','名詞\r','会計係, 会計士, 計理士'),(4238,'accuse …of～','熟語\r','・・・を～の罪があるとして責める'),(4239,'achievement','名詞\r','達成; 業績, 偉業; 学業成績'),(4240,'adequately','副詞\r','適当に'),(4241,'adjacent','形容詞\r','付近の、隣接する ((to)).'),(4242,'adjourn','動詞\r','延期する; (会を)休止する; 休会する; (英国などで、議会を)停会する; 席を移す.'),(4243,'administrative','形容詞\r','管理［行政・執行］の'),(4244,'adolescent','形容詞\r','青年期の(人); 未熟な(人).'),(4245,'adorn','動詞\r','飾る ((with)); 美しさを添える; 名誉［光栄］を添える'),(4246,'advocate','動詞\r','弁護［擁護］する; 主張する'),(4247,'advocate','名詞\r','弁護人; 主張者, 擁護者'),(4248,'afflict','動詞\r','悩ます, 苦しめる (with)'),(4249,'afford','動詞\r','余裕がある'),(4250,'afloat','副詞\r','浮かんで、漂って; 海上に、船上に; (川が)はんらんして; 浸水して; (うわさが)広まって'),(4251,'ailment','名詞\r','病気'),(4252,'alliance','名詞\r','同盟(国); 協調; 類似性; 縁組'),(4253,'allude','動詞\r','それとなく言及する ((to)).'),(4254,'alternate','形容詞\r','交互の; 1つ置きの; 〔米〕 代わりの; 【植】互生の'),(4255,'amaze','動詞\r','驚かす、仰天させる'),(4256,'ambassador','名詞\r','大使,使節'),(4257,'amend','動詞\r','訂正［修正、改正］する; 改善する［される]'),(4258,'ample','形容詞\r','広い, 広大な; 豊かな; 十分な'),(4259,'analyze','動詞\r','分析する、解析する、分解する'),(4260,'annoy','動詞\r','怒らす, いらいらさせる; 当惑させる; 悩ます; 害する'),(4261,'annual','形容詞\r','例年の; 年々の; 年一回の; 【植】一年生の'),(4262,'annual','名詞\r','年鑑, 年報; 一年生植物'),(4263,'annuity','名詞\r','年金'),(4264,'antarctic','形容詞\r','南極の'),(4265,'anxiety','名詞\r','心配'),(4266,'apparatus','名詞\r','機構,機関,組織,装置,器具'),(4267,'appliance','名詞\r','器具,器械'),(4268,'apprenticeship','名詞\r','見習い'),(4269,'approximate','形容詞\r','およその'),(4270,'approximately','副詞\r','大体, およそ.'),(4271,'archaeologist','名詞\r','考古学者'),(4272,'arctic','形容詞\r','北極の,北極地方の,極寒の,冷ややかな,冷淡な'),(4273,'aristocrat','名詞\r','貴族的な人'),(4274,'arm','動詞\r','武装する'),(4275,'artificial','形容詞\r','人工の,不自然な,模造の,人為的な,人造の,人工的な'),(4276,'as it were','熟語\r','いわば'),(4277,'assassinate','動詞\r','暗殺する.'),(4278,'assert','動詞\r','主張する; 断言する'),(4279,'assume','動詞\r','であると仮定する; (責任を)負う; (任務を)引受ける; ふりをする (pretend); 横領する; 思う、推量する; 身につける、(様相を)帯びる'),(4280,'astronaut','名詞\r','宇宙飛行士'),(4281,'astronomer','名詞\r','天文学者'),(4282,'astronomical','形容詞\r','天文学(上)の; (数字が)天文学的な, 巨大な.'),(4283,'astronomy','名詞\r','天文学'),(4284,'at any rate','熟語\r','ともかく'),(4285,'attain','動詞\r','(目的を)遂げる、達成する; 達する'),(4286,'aural','形容詞\r','耳の'),(4287,'authoritarian','名詞\r','権威主義の,独裁主義の,独裁主義者'),(4288,'avalanche','名詞\r','雪崩,殺到(する)'),(4289,'awesome','形容詞\r','恐ろしい, すさまじい; 〔俗〕 すばらしい'),(4290,'baby','名詞\r','赤ん坊,野郎,(特に)乱暴な男'),(4291,'bankrupt','形容詞\r','支払能力のない; (信用・人格などを)欠いた'),(4292,'barbarism','名詞\r','野蛮,未開'),(4293,'baroness','名詞\r','男爵夫人,女男爵'),(4294,'batter','動詞\r','ばたばたと)たたく, 乱打する ((about, away; at, on)); いためる、使い古す.'),(4295,'be forced to do','熟語\r','やむなく～する'),(4296,'be lacking in','熟語\r','～が不足している'),(4297,'be rich in','熟語\r','～に富む'),(4298,'be weary of','熟語\r','～にあきあきする'),(4299,'be worth while','熟語\r','価値がある'),(4300,'beam','動詞\r','梁,輝き,発散する、送る(放送する),顔を輝かせる'),(4301,'benefactor','名詞\r','恩人、恩恵を施す人、保護者、後援者'),(4302,'benefical','形容詞\r','有益な'),(4303,'beneficial','形容詞\r','ためになる、有益な'),(4304,'bet','動詞\r','賭ける'),(4305,'bilateral','形容詞\r','両側［面］のある; 左右相称の; 両者間の; 【法】双務的な'),(4306,'biochemistry','名詞\r','生化学、生理化学、生物化学'),(4307,'biography','名詞\r','一代記、伝記'),(4308,'biological','名詞\r','生物学(上)の、生物学的、生物学'),(4309,'bitterly','副詞\r','ひどく (bitterly) (～ cold とても寒い)'),(4310,'blaze','動詞\r','燃える ((up)); 光る; かっと怒る ((up)).'),(4311,'boomer','名詞\r','(一時的な)人気者、熱烈なファン'),(4312,'boost','動詞\r','後押し(する); 宣伝(する); 元気づけ(る);'),(4313,'boredom','名詞\r','退屈'),(4314,'bosom','名詞\r','ふところ、胸、内部、胸部、胸中、胸裏'),(4315,'botany','名詞\r','植物学'),(4316,'breed','動詞\r','子を産む、育てる、産む、卵からかえす、飼育する、繁殖させる、養殖する、品種'),(4317,'browse','動詞\r','牛などが若葉を)食う ((on)); 拾い読みする; 品物をぶらぶら見て歩く.'),(4318,'budget','動詞\r','予算を計上する、予算を立てる、予算、家計'),(4319,'bully','動詞\r','いじめる'),(4320,'burial','名詞\r','葬式、埋葬、墓'),(4321,'candidate','名詞\r','～しそうな人、候補者、志願者、志望者'),(4322,'capacity','名詞\r','引受能力、容量、力量、収容能力、資格、収容力、地位、容積、耐荷重'),(4323,'capitalism','名詞\r','資本主義'),(4324,'capture','動詞\r','捕獲する、ぶん取る; (雰囲気・美しさなどを)捕らえる、うまく再現する; (敵地・要塞などを)攻略する、攻め落とす; (人の心を)つかむ; (録画・録音などの形で)永続的に保存する; 【コンピュータ】(データを)コンピュータに取り込む.'),(4325,'cataract','名詞\r','白内障,豪雨,大滝,洪水'),(4326,'chairperson','名詞\r','議長,会長(nonsexist)'),(4327,'chant','動詞\r','詠唱する'),(4328,'chat','動詞\r','おしゃべるする'),(4329,'chip','名詞\r','チップ,情報'),(4330,'circulation','名詞\r','発行部数,循環'),(4331,'cleanse','動詞\r','清潔にする; 清める ((from, of)).'),(4332,'climatic','形容詞\r','気候の,気候上の'),(4333,'cling','動詞\r','(clung) くっつく, すがりつく ((to)); そばを離れない; 固守［執着］する ((to)).'),(4334,'collapse','動詞\r','建造物・計画・事業などを)崩壊させる、つぶす; (器具などを)折りたたむ; (文章などを)要約する ((into)).'),(4335,'colloquial','形容詞\r','口語(体)の'),(4336,'colony','名詞\r','植民地,移民'),(4337,'combustion','名詞\r','燃焼,激動,騒動,酸化'),(4338,'come into effect','熟語\r','発行する'),(4339,'commend','動詞\r','(…の管理を)委託する ((to)); たたえる; 推薦する ((to)).'),(4340,'commit','動詞\r','(-tt-) 犯す (～ suicide [a crime, an error]); 委託［委任］する ((to)); (獄・精神病院に)入れる; 陥れる ((to)); 束縛する (～ oneself to do [to a promise]); 困難な立場に立たせる'),(4341,'communist','名詞\r','共産主義者'),(4342,'commute','動詞\r','通勤する、通学する'),(4343,'commuter','名詞\r','通勤［通学］者'),(4344,'competent','形容詞\r','有能な; 申し分のない、十分な; 【法】資格［権能］のある; 【生物】反応能をもつ.'),(4345,'competition','名詞\r','競争(相手); 競技(会)、コンクール'),(4346,'compound','形容詞\r','複合の、合成の、化合した、複合物、化合物、(成分など)を混合する、【文法】重文の'),(4347,'comprehensive','形容詞\r','理解力のある、包括的な、総合的な、広範囲にわたる'),(4348,'compromise','動詞\r','妥協(する)、譲歩(する)、和解(する)、(名誉･体面)を損なう、汚す、危うくする、歩み寄り、示談'),(4349,'compulsory','形容詞\r','強制的な,義務的な'),(4350,'conceal','動詞\r','隠す ((from)).'),(4351,'conceive','動詞\r','(考え・恨みを)抱く; 思いつく［浮べる］, 理解［想像］する ((of)); 思う; ((主に受身)) (言い)表す; 創始する; (子を)宿す, 妊娠する.'),(4352,'conclude','動詞\r','終える; 結論［推断］する; 〔米〕 決心する; (条約を)締結する.'),(4353,'condemn','動詞\r','非難する ((for)); (罪を)宣告する ((for)); 有罪を物語る; 運命づける ((to)); (医師が)見放す; 不良品［危険物］と決定する; 【米法】(政府が)収用する.'),(4354,'confer','動詞\r','授与する'),(4355,'conference','名詞\r','会議; 相談, 協議; (競技団体などの)連盟'),(4356,'confess','動詞\r','自供する、自白する ((to)); 自認する ((to)); 信仰を告白する; 【カトリック】告解する、ざんげする ((to));'),(4357,'confession','名詞\r','自白,告白,自供,懺悔,告白文学,白状,【宗教】信仰告白,告解'),(4358,'confide','動詞\r','打明ける ((in, to)); 信用［信頼］する ((in)); 委託する'),(4359,'confidence','名詞\r','秘密,確信,信用,信頼,信任,自信'),(4360,'confine','動詞\r','制限する ((to, within)); 閉じ込める、監禁する ((in, to)); ((受身で)) お産の床に就く.'),(4361,'congratulate','動詞\r','祝う'),(4362,'congregation','名詞\r','集会,集合,会衆'),(4363,'conquer','動詞\r','征服する; (領土などを)(征服して)獲得する; (困難に打ち勝って)(名声・賞賛・好意などを)勝ち取る; 克服する'),(4364,'conscience','名詞\r','良心,誠実さ'),(4365,'conscientious','形容詞\r','慎重な; 良心的な'),(4366,'consciousness','名詞\r','自覚,意識,思想,感情'),(4367,'consent(to)','動詞\r','同意(する)'),(4368,'consequence','名詞\r','成り行き,帰結,結果,結論,重要性,重大さ,因果関係'),(4369,'conserve','動詞\r','保存［維持］する; 砂糖づけにする'),(4370,'considerate','形容詞\r','思いやりのある ((of)); 慎重な'),(4371,'constructively','副詞\r','建設的に'),(4372,'construe','動詞\r','(構文を)分析する、解釈する; (文が)解釈される.'),(4373,'consulate','名詞\r','領事館,領事職'),(4374,'consumer','名詞\r','消費者'),(4375,'contaminate','動詞\r','汚染する、汚す'),(4376,'contemplate','動詞\r','熟考する、凝視する、熟慮する、予期する、直視する'),(4377,'contend','動詞\r','争う, 競う ((against, for, with)); 論争する ((with)).'),(4378,'contradiction','名詞\r','矛盾'),(4379,'convention','名詞\r','慣習、しきたり、会議、協定、条約(多国間での特定の事項についての合意)、集会、協議会'),(4380,'conventional','形容詞\r','慣習［因襲］的な; (戦争・武器など)通常の、在来(型)の; 原子力によらない; 会議の; 協定による'),(4381,'converge','動詞\r','一点に集中する［させる］ ((on, upon)); (意見などが)一本にまとまる; 【数】収束する; 【物】収斂(しゅうれん)する'),(4382,'convert','動詞\r','変換する'),(4383,'convey','動詞\r','運ぶ, 運搬する ((to, from)); 伝える、伝達する ((to)); 【法】譲渡する ((to)).'),(4384,'conveyance','名詞\r','運搬'),(4385,'cope(with)','動詞\r','負けずに戦う［争う］ ((with)); (難局に)対処する ((with));'),(4386,'correspondent','名詞\r','文通する人,特派員,文通者,通信員'),(4387,'counsel','動詞\r','助言［勧告］する'),(4388,'courtesy','名詞\r','礼儀正しさ,礼儀'),(4389,'courtly','形容詞\r','宮廷の; 礼儀正しい, 上品な; へつらう'),(4390,'cowardly','形容詞\r','臆病な; おびえて'),(4391,'cowardly','副詞\r','臆病な; おびえて'),(4392,'crisis','名詞\r','難局,危機,恐慌,分かれ目,重大局面'),(4393,'critically','副詞\r','批判的に; 酷評して; 精密に, 厳密に; 危険なほどに, きわどく'),(4394,'crucially','副詞\r','最終的に'),(4395,'crucifixion','名詞\r','十字架'),(4396,'cubic','名詞\r','3次方程式,立方体の'),(4397,'cultivation','名詞\r','耕作、開墾、栽培、養殖'),(4398,'cure(of)','動詞\r','治療する、(病気・悪癖を)直す; (人を)回復させる ((of)); 救う; (弊害などを)取り除く; (困難な問題などを)解決する; 乾燥［塩づけ、くん製に］して保存する.'),(4399,'curiosity','名詞\r','珍しい存在,好奇心'),(4400,'cynical','形容詞\r','冷笑的な［に］, 皮肉な［に］; 冷淡な'),(4401,'dairy','名詞\r','酪農場,バター･チーズ製造室(所),乳製品販売店'),(4402,'decadence','名詞\r','衰微, 退廃(期).'),(4403,'decadent','形容詞\r','衰微［退廃］の'),(4404,'deceive','動詞\r','だます'),(4405,'decisively','副詞\r','決定的に'),(4406,'dedicate','動詞\r','奉納［献上］する; 捧げる ((to)); (自著を)献呈する ((to)).'),(4407,'defect','名詞\r','欠陥, 欠点; 不足; 【結晶】欠陥'),(4408,'defend','動詞\r','守る、防衛する; 【法】弁護［擁護］する'),(4409,'deficit','名詞\r','欠損'),(4410,'deject','動詞\r','落胆させる.'),(4411,'deliberate','動詞\r','熟考する; 協議［論議］する'),(4412,'deliberate','形容詞\r','熟考した, 慎重な; ゆうゆうとした; 故意の、わざとの'),(4413,'delinquent','形容詞\r','非行の,罪を犯した,怠慢な,義務を怠る、職務怠慢の,【名詞】非行少年'),(4414,'deliver','動詞\r','届ける'),(4415,'delude','動詞\r','だます, 惑わす ((with, into doing)).'),(4416,'demolish','動詞\r','破壊する; 粉砕する; 打倒する; 〔話〕 平らげる'),(4417,'dependently','副詞\r','頼って'),(4418,'depict','動詞\r','(絵・文で)描写する'),(4419,'deposit','名詞\r','預かり、積立金、保証金、堆積物、埋蔵物、を堆積させる、を預ける、を貯金する、挿入する、蒸着する、溶着する'),(4420,'deprecate','動詞\r','非難［反対］する; …しないように祈る; 軽視する'),(4421,'descent','名詞\r','下降、下り坂; 没落; 家系; 相続; 急襲; 抜き打ちの手入れ'),(4422,'despair','名詞\r','絶望(させるもの); 断念'),(4423,'desperately','副詞\r','必死になって; 絶望的に; 〔話〕 ひどく'),(4424,'destructive','形容詞\r','破壊的な; 破滅させる ((of)); 有害な ((to)); 破壊(主義)的な.'),(4425,'detach','動詞\r','引き離す ((from)); 【軍】分遣［派遣］する'),(4426,'detente','名詞\r','(国際関係の)緊張緩和,デタント'),(4427,'determination','名詞\r','決心、判定'),(4428,'deviation','名詞\r','それること, 逸脱(行為) ((from)); (政治的)偏向; 性的倒錯; (羅針の)自差; 【統計】偏差'),(4429,'device','名詞\r','装置,工夫'),(4430,'devise','動詞\r','案出［工夫］する; 【法】遺贈する'),(4431,'devote(to)','動詞\r','(心身を)捧げる ((to)); もっぱら用いる ((to)).'),(4432,'devoutly','副詞\r','敬虔な気持ちで'),(4433,'dexterity','名詞\r','両手利き; 非常な器用さ; 二心(あること)'),(4434,'diagnosis','名詞\r','診断'),(4435,'diameter','名詞\r','直径,倍率'),(4436,'dictator','名詞\r','口述者; 指令［独裁］者; 【ローマ史】執政官'),(4437,'digital','名詞\r','デジタル,数字式'),(4438,'diligently','副詞\r','勤勉に; 念を入れて'),(4439,'dimension','名詞\r','容積,寸法,面積,次元'),(4440,'diminish','動詞\r','減少［低下］させる［する］; 【楽】半音下げる (～ed fifth 減5度).'),(4441,'diploma','名詞\r','卒業証書,公文書'),(4442,'diplomat','名詞\r','外交官,外交家,如才ない人'),(4443,'disappoint','動詞\r','がっかりする'),(4444,'disaster','名詞\r','天災、災害 (a ～ area 被災地); 災難; 大失敗; 失敗作.'),(4445,'disastrous','形容詞\r','災害の; 悲惨な'),(4446,'discharge','動詞\r','発射する、発砲する; 放出する、吐き出す; (船から)荷を降ろす ((from)); (…から)荷揚げする; (乗り物が乗客などを)降ろす; 解放する; 釈放する; 退院させる; 解雇する; (負債を)返済する、支払う; (職務・約束を)果す (～ one\'s duties; ～ oneself of one\'s duties 義務を果す); 色抜きする; 【電気】放電する; 【法】(命令を)取消す, 免除する; 除隊させる; 流出する、注ぐ ((into)); (うみが)出る; にじむ, 散る'),(4447,'discriminate','動詞\r','見分ける、識別する ((between, from)); 分け隔て［差別］をする'),(4448,'disgust','名詞\r','むかつき, 嫌悪'),(4449,'disgusting','形容詞\r','不快極まる、いまいましい'),(4450,'dismiss','動詞\r','免職［解雇・放校］する ((from)) (Dismiss! 解散; Class ～ed! 授業おしまい); 去らせる ((from)); 退ける; (念頭から)忘れる ((as, from)); 【クリケット】アウトにする; 【法】却下する'),(4451,'dissolution','名詞\r','分離、分解、溶解、融解、解散'),(4452,'distill','動詞\r','蒸留する'),(4453,'distinguish','動詞\r','見分ける、区別する (～ A from B; ～ between A and B); 分類する ((into)); 特徴づける; 目立たせる; はっきり見える［聞こえる］.'),(4454,'distress','動詞\r','苦しめる、悩ます, 疲れさす'),(4455,'diversify','動詞\r','変化を与える、様々にする; (資本を)分散させる; 多様［多角］化する'),(4456,'divert','動詞\r','そらす、転換する; 流用する ((from; to)); 気を紛らせる (distract); 楽しませる ((with)).'),(4457,'divorce','動詞\r','離婚する'),(4458,'domination','名詞\r','支配; 優勢; (pl.) 主天使'),(4459,'doze','動詞\r','居眠り(する).'),(4460,'drain','動詞\r','排水する (draw off); (水を)はかせる ((away, off, out)); 排水［下水］設備を施す; かわかす; 飲み干す, からにする ((of)); 奪い去る ((of)); 精根を尽きさせる; 流出させる ((of)).'),(4461,'drastically','副詞\r','徹底的に'),(4462,'drown','動詞\r','おぼれる'),(4463,'eccentric','形容詞\r','偏［離］心の; 【天文】偏心［離心］的な; 風変りな, 変人の (odd'),(4464,'eclipse','名詞\r','食,失墜,覆いかくす'),(4465,'ecology','名詞\r','生態学,エコロジー,人間生態学,社会生態学,生態環境'),(4466,'economize','動詞\r','経済的に使う, 節約する ((on)).'),(4467,'educator','名詞\r','教育者'),(4468,'efficient','形容詞\r','効力のある、実力［技両］のある、有能な ((in, at)).'),(4469,'egocentric','形容詞\r','自己中心の,利己的な,個人中心の'),(4470,'elastic','形容詞\r','弾力のある; しなやかな; (足どりなどが)軽快な; (気分の)明るい, くったくのない; 融通性のある'),(4471,'electronics','名詞\r','電子工学,エレクトロニクス'),(4472,'elevation','名詞\r','煮沸(しゃふつ); 沸騰'),(4473,'eloquence','名詞\r','雄弁(術); 流暢な談話, 達意の文章'),(4474,'elude','動詞\r','(身をかわして)避ける; のがれる; …に理解［想起, 認知］できない'),(4475,'embark','動詞\r','乗船する; 飛行機に乗り込む ((on)); 船出する ((for)); (事業に)乗り出す ((on, upon)).'),(4476,'embarrassment','名詞\r','当惑(の原因); 持て余しもの; (財政上の)困難; 妨害, じゃま'),(4477,'embody','動詞\r','形体を与える、有形にする; 具体化する、具体的に表現する ((in)); 一体にする、統合する、包含する'),(4478,'embrace','動詞\r','抱擁する、抱きしめる (hug); 【法】(陪審員などを)抱き込む; 包合する、囲む、取り巻く; (申出・宗教を)受け入れる; 採用する、(機会を)捕える; 悟る、見て取る (take in).'),(4479,'emerge','動詞\r','現われ(出)る ((from, out of)); (問題が)持ち上がる; (調査の結果)明らかになる ((from)); (苦境から)抜け出す ((from)).'),(4480,'emission','名詞\r','排出、放出、排気、放射、発射'),(4481,'endeavor','動詞\r','努力(する'),(4482,'endorse','動詞\r','裏書きする; 保証する; 〔英〕 (運転免許証に)違反行為を記載する; 支持する; 推奨する.'),(4483,'endurance','名詞\r','忍耐; 耐久性［力］.'),(4484,'endure','動詞\r','耐える、がまんする; こうむる'),(4485,'engross','動詞\r','(公文書などを)大きな字で書く; 正式に書く［述べる］, 清書する; 独占する; (心を)奪う, 没頭させる、夢中にさせる ((in)).'),(4486,'enhance','動詞\r','高める; 促進する; 誇張する'),(4487,'enroll','動詞\r','登録する'),(4488,'enrollment','名詞\r','登録'),(4489,'ensure','動詞\r','安全にする ((against, from)); 確実にする; 確保する (secure); 保証する.'),(4490,'entangle','動詞\r','巻添えにする ((in)); 掛かり合いにする ((with)); もつれさせる、絡ませる; 混乱させる、困らせる.'),(4491,'entente','名詞\r','(政府間の)協商,(政府間の)協約'),(4492,'enterprise','名詞\r','進取の気性,計画,企て,仕事,事業,企業'),(4493,'enthusiastic','形容詞\r','熱狂的な ((about, for, over)).'),(4494,'environment','名詞\r','周囲の状況,下界,環境'),(4495,'envy','動詞\r','うらやむ'),(4496,'equator','名詞\r','赤道'),(4497,'equip(with)','動詞\r','備える、用意する ((for)); 装う; 装備する ((with, for; to do)); 身に着けさせる ((with)); …の能力を養う ((for)).'),(4498,'equivalent','形容詞\r','同等の、同価値の; 等量の; 同義の ((to))'),(4499,'erode','動詞\r','腐食する、侵食する、腐る、浸食'),(4500,'eruption','名詞\r','噴火,爆発'),(4501,'ethic','名詞\r','道徳律,倫理'),(4502,'ethical','形容詞\r','倫理の'),(4503,'evaporate','動詞\r','蒸発する; 湯気を出す; 消失する'),(4504,'evasive','形容詞\r','捕えにくい、回避的な; 言い抜けの(うまい)'),(4505,'eventually','副詞\r','結局(は)、遂に(は).'),(4506,'evidently','副詞\r','明らかに; どうも…らしい'),(4507,'evoke','動詞\r','(霊・記憶・感情などを)呼び起す、喚起する ((from)); (返事・笑いなどを)引き出す'),(4508,'evolution','名詞\r','進化(論)、発展、展開、考案、旋回、放出'),(4509,'evolve','動詞\r','展開する［させる］; 発達［展］する［させる］; 【生物】進化する［させる］; (光熱などを)発生［放散］する'),(4510,'exaggeration','名詞\r','誇張'),(4511,'exceed','動詞\r','超える'),(4512,'excess','名詞\r','過多、過剰 ((of)); 過度、超過 ((of)); 余分; (普通) やり過ぎ; 乱暴'),(4513,'executive','形容詞\r','実行の; 実行力のある; 行政(上)の; 管理職［高級社員］向きの'),(4514,'exhaust','動詞\r','(容器などを)からにする ((of, from)); 使い尽す; 研究し尽す、論じ尽す、(体力を)消耗する、疲れさせる'),(4515,'exhaustion','名詞\r','消耗; 枯渇; (激しい)疲労; (問題の)徹底的研究; 【物】排気'),(4516,'expectancy','名詞\r','予測値'),(4517,'expedition','名詞\r','(長途の)旅行, 遠征; 探険(隊); 遠征隊; 迅速、急速.'),(4518,'expel','動詞\r','追い出す、追放する、除名する ((from)); 排出する'),(4519,'expenditure','名詞\r','資本(のための)支出 ((capital assetsに使う費用)).'),(4520,'expire','動詞\r','期限が切れる'),(4521,'explicitly','副詞\r','明白に'),(4522,'exploit','動詞\r','開発する、搾取する'),(4523,'explore','動詞\r','探検する、冒険する'),(4524,'explosion','名詞\r','爆発、破裂、急増'),(4525,'explosive','名詞\r','爆発しやすい、爆発性の、爆発物'),(4526,'extension','名詞\r','伸長、延長; 猶予、日延べ; 拡張、増築; (鉄道の)延長線; (電話の)内線; (語句の)敷衍(ふえん); 【コンピュータ】(ファイル名の)拡張子; 【論】外延; (関節の)伸展作用.'),(4527,'extinction','名詞\r','消滅、死滅、消却、絶滅、消火、消灯'),(4528,'extinguish','動詞\r','消す; (希望を)打ちくだく; 絶やす; 沈黙させる; 顔色なからしめる; 【法】(負債を)償却する'),(4529,'extraordinary','形容詞\r','異常な、非凡な; 法外な; 特別の、臨時の; [èkstr:(r)d()nèri] 特命の'),(4530,'facilitate','動詞\r','容易にする; 促進する'),(4531,'faint','動詞\r','気絶(する) ((away)); 〔古〕 かすかになる'),(4532,'fake','名詞\r','いんちき(の); 模造品; 模造の; いかさま師'),(4533,'fanatic','形容詞\r','熱狂的な'),(4534,'feat','名詞\r','撃破、敗北、失敗'),(4535,'feverish','形容詞\r','熱のある; 熱病の; 熱狂的な'),(4536,'fiend','名詞\r','悪霊; 悪魔; 残忍な人;'),(4537,'fierce','形容詞\r','凶暴な; 荒々しい; 猛烈［熱烈］な'),(4538,'firm','名詞\r','会社、商店、企業、医療チーム、【動詞】固まる、安定させる、【形容詞】固い、堅い、堅固な、頑丈な、安定した'),(4539,'firmly','副詞\r','堅固に; 断固として'),(4540,'fix','動詞\r','固定させる［する］; 決心［決定］する; (表情などを)こわばらす; (目・注意を)じっと注ぐ［引きつける］、(目が…に)留まる ((on, upon)); 見据える ((with)); (責任を)負わせる ((on)); 色留めする; 【写】定着させる ((in)); 定める; (機械などを)据えつける; 修理［調整］する;【コンピュータ】(バグを)処理する; (病気を)なおす; (食事・飲物を)用意する、作る; 整える (～ one\'s face 化粧する); 〔話〕やっつける; 〔話〕 買収［八百長を］する; 〔話〕 仕返しする、貸借をなくす; 【化】凝固させる［する］; (揮発性物質を)不揮発性にする; (動物を)去勢する; 〔俗〕 (麻薬の)注射をする'),(4541,'fluctuate','動詞\r','変動［動揺］する、波動［上り下り］する'),(4542,'fluid','形容詞\r','変りやすい、流動性の、流体(の)、流動体'),(4543,'flush','動詞\r','(水を)どっと流す［流れる］; 水を流して洗う ((away, down, out)); 【コンピータ】(メモリ内容を)一気に消去する; (ほおを)紅潮させる、紅潮する; 赤面させる; 得意にならせる; (草木が)急に芽吹く.'),(4544,'foresee','動詞\r','foresaw; foreseen) 予知する'),(4545,'foresight','名詞\r','先見(の明); 前途の見通し; (見通しに基づいた)周到な準備; 慎重さ; (銃砲の)照星'),(4546,'fortitude','名詞\r','不屈の精神'),(4547,'fragment','名詞\r','破片、断片、かけら、小部分、断章'),(4548,'freight','名詞\r','普通貨物運送、運送料、船荷、貨物輸送、普通便、運賃、船賃、空路運送'),(4549,'frown','動詞\r','まゆをひそめる(こと); しかめ面(をする) ((at)); 不きげん(な顔をする) ((on, upon)); しかめ面をして(人を)…にする［(人に)…させる］; 威圧的に見える'),(4550,'frustrating','形容詞\r','腹立たしい; がっかり［やる気をなく］させるような'),(4551,'fulfil','動詞\r','(約束・義務などを)遂行する; (命令に)従う; (目的を)達成する; 完成する; (条件を)満たす; (希望，予言などを)実現させる'),(4552,'fumble','動詞\r','手探りする ((about, around)); いじくり回す ((with, at)); 不器用に扱う; へまをやる; 【スポーツ】(球を)ファンブルする.'),(4553,'furious','形容詞\r','激怒した; 荒れ狂った ((with, at; to do)); 猛烈な'),(4554,'fury','名詞\r','憤激; 激情; 【ギリシア・ローマ神話】(F-) 復讐(しゅう)の3女神の1人 ((cf. Furies)); 狂暴; 激烈; 暴れ女'),(4555,'fusion','名詞\r','核融合、融解、融合、溶融、合併、連合、統合、総合'),(4556,'gasp','動詞\r','あえぐ'),(4557,'gauge','名詞\r','測る、標準寸法、規格、尺度、計器、レールの軌間,ゲージ、判断基準'),(4558,'glimpse','動詞\r','をちらりと見る［見える］(こと) ((at)); 一瞥(べつ); ちらっと感じ取る［知る］(こと) ((of)).'),(4559,'governess','名詞\r','女性家庭教師'),(4560,'grab','動詞\r','(-bb-) ひっつかむ ((at)); ひったくる ((for)); 奪う; 逃さずつかむ; 横取りする; 大急ぎで取る; 素早く乗る; 〔俗〕 ひきつける'),(4561,'graduation','名詞\r','卒業'),(4562,'gratitude','名詞\r','感謝(の気持).'),(4563,'grave','動詞\r','彫る、刻む; 銘記する (('),(4564,'gregarious','形容詞\r','(動物が)群居性の、(植物が)群生する; 社交的な'),(4565,'grievous','形容詞\r','悲しい; つらい; 重大な; ひどい'),(4566,'groove','名詞\r','木・金属に彫った)細いみぞ; (レコードの)針みぞ; わだち; 常道、きまり、慣習; 適任; 絶好調'),(4567,'grudge','名詞\r','怨恨、悪意'),(4568,'hail','動詞\r','歓迎する、を認める、(タクシーなどを)呼び止める、【気象】ひょう、雹、あられ、霰'),(4569,'harass','動詞\r','(しつこく)悩ます［攻撃する］.'),(4570,'hazard','名詞\r','バイオハザード、生物危害［災害］ ((生物学的研究の過程で使用されたり、産み出される病原体；またそれによって引き起こされる健康障害)).'),(4571,'hazardous','形容詞\r','危険［冒険的］な; 運まかせの'),(4572,'heed','名詞\r','用心、注意'),(4573,'hence','副詞\r','その結果、それ故; 今から; ここから'),(4574,'heritage','名詞\r','世襲［相続］財産; 遺産; (後世に伝えるべき自然・文化)遺産; 生得権.'),(4575,'hinder','動詞\r','(進行・成長などを)遅らせる、妨げる ((from)); じゃまになる; (人が)…するのを妨害する ((from doing)).'),(4576,'hitherto','副詞\r','今まで'),(4577,'homogeneous','形容詞\r','同種［同質・同性］の、均質の'),(4578,'horizon','名詞\r','地平線、水平線、視野、展望'),(4579,'hostage','名詞\r','人質'),(4580,'hostile','形容詞\r','敵の; 敵意のある、敵対する、(企業合併・買収などが)対象企業の同意なしの (～ takeover ;敵対的乗っ取り); (環境などが)適さない'),(4581,'humane','形容詞\r','人情のある; 苦痛を与えない; 人を高尚にする; 優雅な.'),(4582,'hydroelectric','形容詞\r','水力電気の、水力発電の'),(4583,'idyllic','形容詞\r','田園詩(風)の、牧歌的な、すばらしい、美しい'),(4584,'ignite','動詞\r','点火する'),(4585,'ignition','名詞\r','点火、発火; 点火装置'),(4586,'ignorance','名詞\r','無教育、無知、無学、不案内'),(4587,'illegitimate','形容詞\r','違法の、非合法の、火論理的な、非嫡出の'),(4588,'illicit','形容詞\r','違法の、不法な、無免許の、もぐりの、不義の、禁制の'),(4589,'illiterate','形容詞\r','読み書きのできない、文盲の、教育のない、無学の'),(4590,'illustrate','名詞\r','を明らかにする、説明する、例証する、挿絵を入れる、図解する'),(4591,'illustrious','形容詞\r','すぐれた、傑出した、秀抜な、高名な、著名な、輝かしい、はなばなしい'),(4592,'imaginable','名詞\r','想像できる、考えられる'),(4593,'imaginary','形容詞\r','想像上の、架空の、空想の、虚の'),(4594,'imaginative','形容詞\r','想像力に富む'),(4595,'immature','形容詞\r','未熟な、未熟の'),(4596,'immigrant','名詞\r','帰化植物、移住者、移住民、(外国からの)移民、外来動物'),(4597,'immoral','形容詞\r','不道徳な'),(4598,'implication','名詞\r','からみ合い、連累; かかわり合い; 含蓄、言外の意味、暗示; (普通pl.) (将来への)含み ((for)）'),(4599,'impromptu','副詞\r','即座に、用意なしに、即興に、にわか作りで、即興の'),(4600,'improvise','動詞\r','即席につくる、即興で演奏する、間に合わせにつくる'),(4601,'incentive','名詞\r','刺激、誘因、動機'),(4602,'incidentally','副詞\r','付随的に; 臨時に; 偶然; ついでに(言えば).'),(4603,'inconsiderate','形容詞\r','察しのない、思いやりのない、礼儀作法を心得ない、思慮分別のない、軽率な'),(4604,'incredible','形容詞\r','信用出来ない、うそのような、途方もない、驚くべき、信じられない'),(4605,'incredulous','形容詞\r','なかなか信じない、容易に信じない、懐疑的な、疑わしそうな'),(4606,'indifference','名詞\r','無頓着、無関心、冷淡、些細、公正、中立'),(4607,'indignation','名詞\r','憤慨; 義憤'),(4608,'indispensable','形容詞\r','(絶対に)欠くことのできない、必須の、無くてはならない、不可欠の'),(4609,'inevitably','副詞\r','必然的に'),(4610,'infection','名詞\r','伝染(病); 汚染; (悪)影響; 感化; 【コンピュータ】感染'),(4611,'infinitely','副詞\r','無限に'),(4612,'infirmity','名詞\r','虚弱、病弱'),(4613,'ingeniously','副詞\r','巧妙に'),(4614,'ingredient','名詞\r','内容物、要素、成分、材料、構成要素、要因'),(4615,'inhabit','動詞\r','に存在する、に住む、居住する'),(4616,'inherent','形容詞\r','本来備わっている、生来の、生得の、固有の、先天的の'),(4617,'inherit','動詞\r','財産を相続する、所有する、手に入れる、を遺伝で受け継ぐ'),(4618,'inhibition','名詞\r','抑制、禁止、禁制、防止、抑圧'),(4619,'inland','副詞\r','内陸(に); 奥地(に向かって); 国内(に)、内地(に).'),(4620,'innovation','名詞\r','(技術)革新、刷新、新機軸'),(4621,'insecticide','名詞\r','殺虫剤'),(4622,'inspire','動詞\r','に霊感を与える、気持ちを強く動かす、奮起させる'),(4623,'installment','名詞\r','分割払い込み金、分割払い、月賦'),(4624,'instinctive','形容詞\r','本能的な'),(4625,'institute','動詞\r','設立する、始める、会、協会、実施する、起こす'),(4626,'instruct','動詞\r','知らせる、を教える'),(4627,'insufficiently','副詞\r','不十分に'),(4628,'insult','動詞\r','侮辱する、侮辱'),(4629,'insurance','名詞\r','保険'),(4630,'insure','動詞\r','に保険をかける、保険に入る、保証する'),(4631,'integrate','動詞\r','統合する'),(4632,'intelligence','名詞\r','知性、知力・知能、(他国に関する)情報、諜報'),(4633,'intelligent','形容詞\r','知的な'),(4634,'intelligible','形容詞\r','理解できる、わかりやすい、知性的な'),(4635,'intensely','副詞\r','熱烈に; ひどく.'),(4636,'intentionally','副詞\r','計画的に'),(4637,'interdependence','名詞\r','相互依存'),(4638,'interference','名詞\r','さしさわり、衝突、妨害、障害、干渉、邪魔、混信'),(4639,'interim','名詞\r','間の時間; しばらくの間'),(4640,'intervention','名詞\r','仲裁'),(4641,'intimately','副詞\r','親密に'),(4642,'intoxicate','動詞\r','酔わせる、夢中にさせる'),(4643,'intricate','形容詞\r','複雑な'),(4644,'intricately','副詞\r','複雑に'),(4645,'intrude','動詞\r','はいり込む、侵入する、を無理に押し入れる、押し込む、を強いる'),(4646,'inventive','形容詞\r','発明の才のある'),(4647,'inventory','名詞\r','(商品の)明細目録; 財産目録; 在庫品; 在庫調べ、棚卸し.'),(4648,'investment','名詞\r','包むこと、投資、出資、包囲、任命、投資金、外皮、封鎖'),(4649,'invoice','名詞\r','インボイス、送り状'),(4650,'involve','動詞\r','(人)を巻き込む、を含む、必要とする、意味する'),(4651,'ironically','副詞\r','皮肉に'),(4652,'irrespective','形容詞\r','に関わりない'),(4653,'irrigation','名詞\r','潅がい、潅漑、洗浄'),(4654,'itemize','動詞\r','箇条書きにする、明細に記す'),(4655,'itinerary','名詞\r','旅行日程表、道程、旅行記、旅日記、旅行案内'),(4656,'jealously','副詞\r','しっと深く'),(4657,'jealousy','名詞\r','しっと; ねたみ; 警戒心'),(4658,'justify','動詞\r','正しいとする、正当化する'),(4659,'keenly','副詞\r','鋭く'),(4660,'kidnap','動詞\r','誘拐する'),(4661,'laborious','形容詞\r','骨のおれる'),(4662,'lament','動詞\r','悲しむ、嘆く'),(4663,'latitude','名詞\r','許容範囲、緯度、自由裁量'),(4664,'launch','動詞\r','(新造船を)進水させる、発射する、始める、進水、発射、打ち上げ、艦艇大型ボート、ランチ'),(4665,'laureate','形容詞\r','栄誉のある'),(4666,'law','名詞\r','法律、規則、法、法学、適法、訴訟、慣習、原理'),(4667,'lean','動詞\r','もたれる、曲げる、かがむ、(～に)傾く、頼る、収穫の少ない、やせた、やせている、乏しい、やせた部分、赤身の'),(4668,'legible','形容詞\r','(字が)読みやすい、判読可能な、見易い'),(4669,'legislative','形容詞\r','立法権のある、立法の、立法機関(の)'),(4670,'lessen','形容詞\r','小さくなる(する)、減少する(させる)'),(4671,'lethal','形容詞\r','致命的な、致死の'),(4672,'life','名詞\r','命、生活、人生'),(4673,'linger','動詞\r','ぐずぐずする、長引く、手間取る、なかなか消えない、残る'),(4674,'literal','形容詞\r','文字の、文字通りの、融通のきかない、事実に忠実な、(人・頭が)想像力に欠けた、味気ない、誤植、誤字'),(4675,'literary','形容詞\r','文学に通じた、文学の、文芸の'),(4676,'literate','形容詞\r','読み書きできる、文学通の、文献'),(4677,'load','動詞\r','装填(する)、荷、一荷、積載量、重荷、に荷を積む、乗り込む、負荷'),(4678,'loan','動詞\r','貸し付ける、貸すこと、貸し付け、ローン、貸付金、外来語'),(4679,'lower','動詞\r','を低くする、下げる、低くなる、下がる'),(4680,'lucrative','形容詞\r','有利な、得な、利益の上がる、profitable'),(4681,'lumber','名詞\r','木材、不要品、厄介な人・物、を(がらくたで)一杯にする、ふさぐ、(物)を乱雑につみあげる、ドタドタ(のしのし)歩く・進む'),(4682,'lure','動詞\r','誘惑する、を引き寄せる、待ち伏せる、魅力、おとり、わな'),(4683,'luxury','形容詞\r','豪奢な(品)、ぜいたく、快楽、贅沢(品)、おごり、満足、贅沢な'),(4684,'magnify','動詞\r','拡大する、誇張する'),(4685,'make clear','熟語\r','説明する'),(4686,'mammal','名詞\r','ほ乳動物、哺乳動物'),(4687,'manufacture','動詞\r','を製造する、生産する、製造、生産、製品'),(4688,'marital','形容詞\r','夫婦の、夫の、結婚の'),(4689,'masculinity','名詞\r','男性的なこと'),(4690,'materially','副詞\r','大いに、物質的に; 実質的に'),(4691,'maturity','名詞\r','成熟; 慎重さ; 完成; 支払期日、満期; 【地学】成熟度 ((岩石が分解して堆積物となるまでの組成の変化の程度を表す)).'),(4692,'mechanic','名詞\r','機械(修理)工.'),(4693,'mediocre','形容詞\r','(けなして)よくも悪くもない、並の、二流の、劣った'),(4694,'menace','名詞\r','脅威、危険'),(4695,'mention','動詞\r','について述べる、言及する'),(4696,'mercury','名詞\r','水銀、水銀柱、寒暖計、【気象】温度計'),(4697,'merger','名詞\r','合併、併合、混同'),(4698,'microwave','名詞\r','マイクロ波'),(4699,'minimize','動詞\r','最小限にする、軽視する'),(4700,'miscellaneous','形容詞\r','雑多な、種々雑多の、種々雑多なものからなる、多方面の'),(4701,'misdemeanor','名詞\r','軽罪'),(4702,'mishap','名詞\r','不幸、不運、災難、不運な事故'),(4703,'misuse','動詞\r','誤用、悪用、誤用する、虐待する'),(4704,'moan','名詞\r','うめき声、不平'),(4705,'modification','名詞\r','加減'),(4706,'modulate','動詞\r','調節する、調子を変える、詠唱する、転調する'),(4707,'moisture','名詞\r','湿気、水分'),(4708,'monopoly','名詞\r','独占、専売、専売品'),(4709,'morale','名詞\r','士気、元気; 風紀'),(4710,'mortgage','動詞\r','抵当に入れる、賭ける'),(4711,'motivation','名詞\r','動機を与えること、動機づけ; 意欲'),(4712,'motive','名詞\r','動機、動因'),(4713,'multiply','動詞\r','掛ける、増加させる、増やす、増える、増す'),(4714,'myth','名詞\r','神話; 作り話; (一般に広まった)誤った信念; 架空の人［物］.'),(4715,'mythology','名詞\r','神話学、神話(集)'),(4716,'namely','副詞\r','すなわち'),(4717,'nationality','名詞\r','国民性、国籍、国家、国民、愛国心'),(4718,'neatly','副詞\r','きちんと'),(4719,'negotiation','名詞\r','交渉、話し合い、(小切手など)譲渡、談判、流通'),(4720,'nevertheless','副詞\r','それにもかかわらず'),(4721,'nomadic','形容詞\r','遊牧の'),(4722,'nominate','動詞\r','(候補者として)推薦する、任命する、ノミネート'),(4723,'notion','名詞\r','考え、意見; 意向; 信念; 概念; 理解力; ばからしい考え［欲求］、気まぐれ; (pl.) (気のきいた)装飾品、小間物'),(4724,'notorious','形容詞\r','悪評の高い、悪名高い、周知の'),(4725,'nuisance','名詞\r','やっかいもの、迷惑な行為、妨害、やっかい物、うるさい人、迷惑、やっかい'),(4726,'nursing','名詞\r','(里子を)保育する; (里子として)保育される; 保育; 授乳; 看護'),(4727,'nurture','名詞\r','滋養物、養育'),(4728,'nutrition','名詞\r','栄養物摂取、栄養物、滋養の、食物'),(4729,'obligate','動詞\r','義務を負わせる'),(4730,'obligation','名詞\r','義務; 責任; 債務; 証書; 証券; 恩義'),(4731,'oblique','形容詞\r','斜行進する、間接の、斜めの、遠まわしの'),(4732,'obscure','形容詞\r','人目に付かない、ぼんやりした、あいまいな、覆い隠す'),(4733,'obscurity','名詞\r','薄暗さ; 不明瞭; 難解(な箇所); 無名(の人); へんぴ(な場所); (身分の)卑しさ.'),(4734,'obstacle','名詞\r','障害(物)'),(4735,'obstruction','名詞\r','障害(物); 議事の妨害; 公務執行妨害; 【スポーツ】オブストラクション.'),(4736,'obvious','形容詞\r','明らかな、露骨な、明かな、わかりきった'),(4737,'occupation','名詞\r','仕事、従事、占有、居住'),(4738,'offspring','名詞\r','(人や動物の)子; 子孫; 結果'),(4739,'omen','名詞\r','前兆'),(4740,'optical','形容詞\r','光学上の、眼の'),(4741,'orator','名詞\r','雄弁家、演説者'),(4742,'orderly','形容詞\r','秩序のある、整然とした、規律正しい、命令の、当番兵、(病院の)付き添い'),(4743,'ore','名詞\r','鉱石、原鉱、(複数形ore)オーレ(スウェーデン・デンマークなどの通貨単位 =1/100 krona (krone))'),(4744,'output','名詞\r','排出、生産高、生産活動、出力'),(4745,'outskirts','名詞\r','町外れ、郊外'),(4746,'overcome','動詞\r','打ち勝つ、克服する、(受け身で)参っている'),(4747,'overflow','動詞\r','からあふれる、氾濫する、あふれる、いっぱいになる、氾濫'),(4748,'overt','形容詞\r','明白な、公然の、あからさまの、表立った'),(4749,'overwhelm','動詞\r','圧倒する、苦しめる、沈没させる'),(4750,'pacifist','名詞\r','平和主義者'),(4751,'pageant','名詞\r','野外劇、華麗なもの、虚飾、誇示、出し物'),(4752,'parasite','名詞\r','寄生動物、寄生植物、宿り木、居候、寄生虫'),(4753,'partake','動詞\r','加わる、参加する、の性質が幾分ある'),(4754,'participate','動詞\r','参加する、加わる、の気味がある'),(4755,'pastor','名詞\r','牧師'),(4756,'peculiarity','名詞\r','特(殊)性、特質; 特有［独特］なもの; 風変り; 奇癖.'),(4757,'penitence','名詞\r','後悔'),(4758,'perilous','形容詞\r','危険の多い、危険な'),(4759,'perplexing','形容詞\r','当惑させる、理解しにくい、複雑な、面倒な'),(4760,'perseverance','名詞\r','忍耐、頑張り、不屈の努力、固執'),(4761,'persistent','形容詞\r','固執する、しつこい、持続する、永続的な、不屈の、頑固な、永続性の、不変の'),(4762,'personnel','形容詞\r','人事の、職員、全職員、人事課(部)'),(4763,'pervasive','動詞\r','普及する、広がる、全面的に広がる'),(4764,'perversely','副詞\r','意地になって'),(4765,'phenomenon','名詞\r','現象、驚くべき物(事)'),(4766,'piety','名詞\r','敬虔(な言行); (親などに対する)恭順、孝心 (filial piety); 忠誠'),(4767,'pigment','名詞\r','絵具、顔料、色素、を着色する、絵の具'),(4768,'pioneer','名詞\r','開発者、開拓者、先駆者、パイオニア、を開拓する、先駆者となる'),(4769,'plague','名詞\r','天災、災難、伝染病'),(4770,'plainly','副詞\r','はっきりと、明らかに、全く、率直に、質素に'),(4771,'planetary','形容詞\r','惑星の、起動を回る'),(4772,'plateau','形容詞\r','高原、飾り皿、水平域、平坦域、停滞状態(になる)、頭打ちになる'),(4773,'plausible','形容詞\r','もっともらしい、口先のうまい'),(4774,'pledge','名詞\r','誓約; 担保、抵当(物); 質物; 質入れ; (健康を祝う)乾杯; 保証; (友情などの)しるし ((of)); 入会約束［誓約］(者); 〔米〕 (大学の友愛会などの)仮入会(者).'),(4775,'plot','動詞\r','(陰謀など)を企てる、の構想をねる、地区、小区画の土地、脚色、筋'),(4776,'pollution','名詞\r','公害、汚すこと、汚染、汚れ'),(4777,'ponder','動詞\r','をじっくり考える'),(4778,'potentiality','名詞\r','可能性; 潜在力'),(4779,'prairie','名詞\r','大草原'),(4780,'precarious','形容詞\r','推定的な、心許ない、おぼつかない、人頼みの、他人の意志次第の、不安定な、危ない'),(4781,'precedent','形容詞\r','前の、先行する、前例、判例'),(4782,'preceding','動詞\r','に先行する、先立つ'),(4783,'precision','名詞\r','正確'),(4784,'predominant','形容詞\r','優勢な、卓越した、有力な、顕著な、支配的な'),(4785,'preference','名詞\r','選択; ひいき、選り好み ((to, for, over)); 他より好まれる物［人］; 好物; 優先(権); 【商業】特恵'),(4786,'prejudice','名詞\r','先入観、害、偏見、先入主、偏愛、ひがみ、損害、被害、迷惑'),(4787,'premature','形容詞\r','早すぎる、早まった、時期尚早の、尚早の、早計の'),(4788,'preservation','名詞\r','保存、貯蔵; 保護; 保存状態'),(4789,'preside','動詞\r','統轄する、議長をつとめる、司会する、主宰する'),(4790,'presume','動詞\r','あえて～する、を推定する、と思い込む、と仮定する、想像する、思う'),(4791,'prevalence','名詞\r','普及、流行、有病性'),(4792,'prevalent','形容詞\r','普及した、流行した、流行の、流行する、一般的な、有力な'),(4793,'prewar','形容詞\r','戦前の'),(4794,'priceless','形容詞\r','金で買えない程の、非常に貴重な'),(4795,'principally','副詞\r','主に'),(4796,'procedure','名詞\r','手順、手続き ((訴訟・議事などの)); 行動'),(4797,'procession','名詞\r','行列; 行進'),(4798,'proclaim','動詞\r','宣言する、公表する、を声明する、を公然と示す'),(4799,'profoundly','副詞\r','心から、深く、大いに'),(4800,'prohibit','動詞\r','禁止する、を禁じる、を制止する、を妨げる、予防する'),(4801,'proliferation','\r','増殖、急増、拡散'),(4802,'prominent','形容詞\r','目立った、重要な、著名な、突出した、浮き彫りの'),(4803,'promotion','名詞\r','昇進、進級; 促進; 奨励; 発起; 販売促進(商品).'),(4804,'property','名詞\r','財産、所有、資産、所有地、地所、所有権、属性、特性'),(4805,'prosecute','動詞\r','を起訴する、遂げる、を告訴する、を要求する、を遂行する'),(4806,'prospect','名詞\r','眺め、見晴し; 見通し、予想、期待; (普通pl.) (成功の)可能性 ((of)); 買ってくれそうな客; やりそうな人 ((for)); 有力候補; 【鉱】採鉱有望地; 鉱石試料.'),(4807,'prosper','動詞\r','繁栄させる、成功する、繁栄する、繁盛する'),(4808,'proudly','副詞\r','高慢に、威張って、堂々と、立派に'),(4809,'provoke','動詞\r','引き起こす、刺激する、を怒らせる、をじらす、挑発する'),(4810,'prudent','形容詞\r','分別のある、慎重な、思慮深い、賢明な、用心深い'),(4811,'publicity','名詞\r','公共性、公表、一般に知られていること、周知、評判、公開'),(4812,'pursuit','名詞\r','追跡、追撃 ((of)); 追求; 続行、遂行、従事 ((of)); (普通pl.) 職業、仕事、研究; 楽しみ'),(4813,'qualification','名詞\r','資格、免許、能力、制限'),(4814,'quell','動詞\r','鎮圧する、抑えつける、止める、鎮める、抑える'),(4815,'quest','名詞\r','探求、探索'),(4816,'quiver','動詞\r','揺れる、震える、を震わせる'),(4817,'racism','名詞\r','民族優越観、人種差別、人種差別主義'),(4818,'radiant','形容詞\r','輝くばかりの、うれしそうな、凛然とした'),(4819,'radical','形容詞\r','徹底的な、極端な、過激な、急進的な、よい(good)、すぐれた(excellent)、最高の(superlative)、根本の、基礎の、根底の、【数学】根号、根(の)、【化学】基(の)、【文法】語根(の)、急進党員、過激論者'),(4820,'radioactivity','名詞\r','放射能'),(4821,'rage','名詞\r','怒り'),(4822,'range','名詞\r','範囲、程度、並び、列、山脈、整列させる、を分類する、整理する、動く、変動する、ものを並べる、歩き回る、さまよう'),(4823,'ransom','名詞\r','身代(みのしろ)金'),(4824,'ratification','名詞\r','批准、承認'),(4825,'ration','動詞\r','を配分する、消費を制限する、配給量、定額、定量'),(4826,'reasonable','形容詞\r','道理にかなった、思慮分別のある、適度な、妥当な'),(4827,'reasonably','副詞\r','合理的に'),(4828,'reasoning','名詞\r','推理'),(4829,'rebellion','名詞\r','謀反、反乱'),(4830,'recall','動詞\r','を思い出させる、回収、思い出す、解放する、を思い起こす、召還する、を組成させる、回復させる、呼び戻し、撤回、取り消し、リコール、回想力、更迭、召喚'),(4831,'recession','名詞\r','退場; (景気などの一時的)後退; (壁などの)くぼみ'),(4832,'recipient','名詞\r','受入れる(人)、受取人'),(4833,'reckon','動詞\r','計算する、数える、勘定に入れる、判断する、みなす、思う'),(4834,'recline','動詞\r','もたせかける、もたれる、寄り掛かる、横になる'),(4835,'recompense','動詞\r','に返礼する、に報いる、報酬、を償う、返報'),(4836,'rectangular','形容詞\r','長方形の'),(4837,'recurrent','動詞\r','再発する、反復'),(4838,'reference','名詞\r','参照; 参考(書，文献); 参照符'),(4839,'reflection','名詞\r','反射、反映、熟考'),(4840,'refrain','動詞\r','差し控える、差控える、断つ、抑制する、謹む、こらえる、やめる、我慢する'),(4841,'regression','名詞\r','回帰; 【心】退行; 【生物】退化; 【天文】逆行'),(4842,'reinforcement','名詞\r','補強'),(4843,'reinforcement','名詞\r','補強、増強; 補強材; (普通pl.) 増援軍［艦船］; 【心】(反応の)強化'),(4844,'reiteration','名詞\r','繰り返し'),(4845,'reject','動詞\r','(提案など)を断る、拒絶する'),(4846,'relaxation','名詞\r','ゆるみ、くつろぎ; 緩和、軽減; 気晴し、娯楽'),(4847,'relevant','形容詞\r','関連した、適切な'),(4848,'reliable','動詞\r','たよりになる、頼りになる、信頼できる、当てになる、確実な、確かな、信頼し得る'),(4849,'relief','動詞\r','(苦痛などを)取り除くこと、安心、休息、救援、救済'),(4850,'reluctance','名詞\r','不本意; 嫌がること ((to do)); 【電気】磁気抵抗'),(4851,'removal','名詞\r','解除'),(4852,'repeal','動詞\r','を無効にする、を取り消す、取り消し、廃止(する)、撤廃、無効に(する)'),(4853,'replace','動詞\r','に取って代わる、を取り替える、take the place of、をもとの場所に戻す'),(4854,'replacement','名詞\r','取り替え、代用品'),(4855,'repose','動詞\r','静まり返っている、休息、安らぎ、安心、平和、横になる、休息する、頼る'),(4856,'repression','名詞\r','抑制; 抑圧(されたもの); 【心】抑圧(感情); 鎮圧'),(4857,'reputable','形容詞\r','評判のよい'),(4858,'rescue','名詞\r','救う、救出、救済、不法釈放'),(4859,'resentment','名詞\r','憤慨、恨み'),(4860,'resignation','名詞\r','辞職; 譲位、引退; 辞表; あきらめ'),(4861,'resolution','名詞\r','解決'),(4862,'resource','名詞\r','救助の源、富、資源、資金、財源、資材、算段、手腕、頼み、手段'),(4863,'respectfully','副詞\r','うやうやしく'),(4864,'respectively','副詞\r','それぞれに、それぞれ、個々に'),(4865,'restore','動詞\r','健康を取り戻す、返す、回復させる、を回復する、復興する、復活する、元に戻す、返還する、復帰させる、復元する'),(4866,'restraint','名詞\r','抑制; 拘束、束縛、監禁; 拘束力; 検束; 自制、遠慮; 制限'),(4867,'restriction','名詞\r','制限; 限定; 制限［限定］するもの、拘束［束縛］するもの'),(4868,'restructure','動詞\r','編成し直す'),(4869,'resurrection','名詞\r','回復、蘇り、復活、復興'),(4870,'retailer','名詞\r','小売商; [ritéilr] (うわさなどを)言いふらす人'),(4871,'revelation','名詞\r','秘密の暴露［発覚］; 意外な新事実 (What a ～! 意外千万！); (神の)黙示、啓示、天啓;'),(4872,'review','動詞\r','復習する'),(4873,'revise','動詞\r','を訂正する、を変える、修正する、改正する'),(4874,'revolt','動詞\r','暴動(を起こす)、反乱、背く、反抗する、暴動を起こす、不快に感じる、一揆、反感'),(4875,'revolution','名詞\r','大改革、革命、循環、回転、旋回'),(4876,'ridicule','動詞\r','あざける、嘲笑う、冷やかす、嘲笑、あざけり、愚弄、嘲り、冷やかし'),(4877,'ridiculous','形容詞\r','かしからぬ、おかしい、ばかげた、馬鹿げた'),(4878,'riot','名詞\r','暴動、騒動; 【法】騒乱罪; 浮れ騒ぎ; 放蕩(ほうとう); (a ～) 色彩［音響］の乱舞 (a ～ of color); 激発 ((of)); 〔話〕 (a ～) ひどく面白い人［物，事］; 大当りのショー［芸人］.'),(4879,'rock','名詞\r','岩礁、岩、岩石、岩盤、小石、堅固な支え、揺り動かす、前後に揺れる、振動する、感動する、ロックを演奏する、コカイン'),(4880,'rote','形容詞\r','まる暗記の、機械的な'),(4881,'roughly','副詞\r','おおよそ'),(4882,'rudeness','名詞\r','不作法'),(4883,'sanction','名詞\r','許可、拘束、賛成、軍事的・経済的制裁措置、認定(する)'),(4884,'satellite','名詞\r','衛星、人工衛星、衛星国、衛星の、衛星中継する'),(4885,'saying','名詞\r','ことわざ、格言'),(4886,'scan','動詞\r','を細かく調べる、ざっと見る、スキャン、を走査する、精密検査をする'),(4887,'scarce','副詞\r','まれな、不足して'),(4888,'schooling','名詞\r','学校教育、教育現場、教育する'),(4889,'scorn','動詞\r','軽蔑する、あなどる、嘲笑する、(軽蔑して)拒絶する、嘲笑、軽蔑の的、あざけり'),(4890,'seclude','動詞\r','を引き離す、隠退させる、を隠遁させる、隔離する'),(4891,'seemingly','副詞\r','一見したところ、うわべは'),(4892,'segregate','動詞\r','分離する、差別する、隔離する、人種差別する'),(4893,'seizure','名詞\r','捕えること; 強奪; 差押え(品); (急な)発作'),(4894,'self','名詞\r','自分、自己、自分自身、そのもの'),(4895,'sensible','形容詞\r','(人行動など)分別のある、目的にかなった、賢明だ、顕著な、思慮のある、賢明な'),(4896,'sensitive','形容詞\r','敏感な、感じやすい、敏感に反応する、神経過敏の、感性豊かな'),(4897,'sensitivity','名詞\r','敏感(性)、感(受)性 ((to)); 【写】感光度; (ラジオの)感度'),(4898,'sensual','形容詞\r','官能的な、好色な'),(4899,'sensuous','形容詞\r','感覚的な、感覚に訴える、美的な、美感に訴える'),(4900,'sequence','名詞\r','続発、系列、連続(するもの)、結果、順序'),(4901,'serene','形容詞\r','静穏な、晴れた、穏やかな、落ち着いた'),(4902,'sermon','名詞\r','(教会での)説教、お説教、小言'),(4903,'sever','動詞\r','断絶する、を切る、切断する'),(4904,'severity','名詞\r','厳格、重大度'),(4905,'shatter','動詞\r','を粉々にする、を打ち砕く、を台無しにする'),(4906,'shipping','動詞\r','船積みする'),(4907,'signature','名詞\r','署名'),(4908,'simultaneous','形容詞\r','同時の、同時に起こる'),(4909,'sin','名詞\r','罪(を犯す)、過失、ばかげたこと'),(4910,'sincere','形容詞\r','誠実な、偽りのない、正直な'),(4911,'sincerity','名詞\r','誠実、率直さ'),(4912,'smart','形容詞\r','ずきずき痛む、スマートな、苦悩、利口な、厳しく、うずく、痛み、苦痛'),(4913,'soar','動詞\r','舞い上がる、急に上がる、そびえたつ、高く昇る、急上昇する、急騰する'),(4914,'solar','形容詞\r','太陽の'),(4915,'solid','形容詞\r','固体(の)、硬い、頑丈な、中が詰まった、しっかりした'),(4916,'sophisticated','形容詞\r','あかぬけした、洗練された、高級な、教養人向きの'),(4917,'spacious','形容詞\r','広い範囲の、広々とした、雄大な'),(4918,'span','動詞\r','紡いだ(ぐ)、期間、長さ、(橋が)～にかかっている'),(4919,'sparsely','副詞\r','まばらに、わずかに'),(4920,'specialty','名詞\r','専門、名物、特徴'),(4921,'species','名詞\r','人類、種、種類'),(4922,'specifically','副詞\r','明確に、特に'),(4923,'speculation','名詞\r','投機、思惑買い、思索、思弁、考察、空論、推測、やま'),(4924,'spell','動詞\r','正しく書く、を綴る、後退、呪文、一続き(の期間)、期間'),(4925,'spit','動詞\r','吐いた、つばを吐く、を吐く、つば(を吐く)'),(4926,'splendor','名詞\r','輝き、豪華'),(4927,'split','動詞\r','株式の分割、割る、分け合う、割り勘にする、を分裂させる'),(4928,'spouse','名詞\r','配偶者'),(4929,'stability','名詞\r','安定(性)'),(4930,'stagger','動詞\r','よろめく、二の足を踏む、動揺させる、ずらす'),(4931,'stagnant','形容詞\r','流れない、停滞した、不景気な、よどんだ、活気のない'),(4932,'starvation','名詞\r','薄給の、飢餓、窮乏、飢え、餓死'),(4933,'starve','動詞\r','飢えさせる、餓死する、飢える、を餓死させる'),(4934,'statistics','名詞\r','統計、統計学'),(4935,'stealthy','形容詞\r','密かな、一目を盗んだ、ひそやかな'),(4936,'steep','形容詞\r','急勾配の、急な坂、急な・険しい、不法に高い'),(4937,'stenographer','名詞\r','速記者'),(4938,'stink','名詞\r','悪臭(を放つ)、スキャンダル、騒動、ひどいもんだ、どうしようもない、化学'),(4939,'strain','名詞\r','傾向、血統、素質、話し(書き)ぶり、旋律、気質、ひずみ、を緊張させる、をぴんと張る、を痛める'),(4940,'strait','名詞\r','(通常-sで)難局、困難、海峡'),(4941,'strategy','名詞\r','兵法、戦略、戦術、計略'),(4942,'strikingly','副詞\r','際立って、著しく、目立って'),(4943,'stuff','名詞\r','(漠然と)もの、材料'),(4944,'submission','名詞\r','服従、従順、寄託、提案、提出、仲裁付託、(レスリング)押さえ込みに屈すること'),(4945,'subscriber','名詞\r','予約購読者、引受人、加入者、寄付する人、署名人、支持者'),(4946,'subsequently','前置詞\r','後で'),(4947,'subsidiary','形容詞\r','補助的な、従属的な、付随する、支援する'),(4948,'substance','名詞\r','実体、物質、実質、内容、財産、大要、薬物、麻薬'),(4949,'substantially','副詞\r','しっかりと、実質的に、十分に'),(4950,'substitute','名詞\r','代理人、代用品'),(4951,'subtlety','名詞\r','微妙な考え、微妙、希薄、巧妙'),(4952,'subtract','動詞\r','を控除する、引算をする、を引く、減じる、取り去る'),(4953,'subtropical','形容詞\r','亜熱帯の'),(4954,'succession','名詞\r','連続(物)、継承、相続'),(4955,'suffocate','動詞\r','窒息死させる、を窒息させる、を息詰まらせる、窒息する'),(4956,'suicide','名詞\r','自殺(する)、自殺者'),(4957,'suit','動詞\r','に合う、てきする、に似合う'),(4958,'superb','形容詞\r','すばらしい、荘厳な、豪華な、とびきりの'),(4959,'superficially','副詞\r','表面的には'),(4960,'superiority','名詞\r','優越'),(4961,'supersede','動詞\r','に取って代わる、の後任となる、を入れ替える'),(4962,'supersonic','形容詞\r','超音速の(機)、超音波(の)'),(4963,'superstition','名詞\r','迷信'),(4964,'supervision','名詞\r','管理、監督、指揮、監視'),(4965,'surgery','名詞\r','【診療科】外科、手術室'),(4966,'surgical','形容詞\r','外科手術の、外科医の'),(4967,'surpass','動詞\r','に優る、を超える、しのぐ'),(4968,'surrender','動詞\r','降伏(する)、を放棄する、引き渡し、明渡し(する)、自首'),(4969,'surrounding','形容詞\r','周囲の、付近の'),(4970,'suspicion','名詞\r','容疑、疑い'),(4971,'swindle','動詞\r','だます、詐欺(を働く)、を詐取する'),(4972,'symptom','名詞\r','徴候、柱、兆候、症状、症候'),(4973,'synonym','名詞\r','【文法】類義語、同意語'),(4974,'tactics','名詞\r','戦術'),(4975,'tangible','形容詞\r','具体的な、明白な、はっきりと理解できる、実体のある'),(4976,'tariff','名詞\r','関税、関税率、関税表、関税法、運賃、料金表'),(4977,'tease','動詞\r','にねだる、じらす、悩ます、いじめる、いじめること'),(4978,'telecommunication','名詞\r','(遠距離の)電気通信、電気通信術'),(4979,'temperate','形容詞\r','穏やかな、節度のある、度を過ごさない、節酒の'),(4980,'tension','名詞\r','緊張、伸張、緊迫、電圧、張力'),(4981,'thaw','動詞\r','(雪が)解ける、緊張が緩和する、寒さをのがれる、雪解け'),(4982,'thermometer','名詞\r','【気象】温度計、寒暖計、検温器'),(4983,'thorough','形容詞\r','完全な、徹底的な、心からの、絶対的な、詳細な'),(4984,'thrift','名詞\r','倹約、節約、繁茂、幸運'),(4985,'thrive','動詞\r','成長する、を生き甲斐にする、栄える、繁栄する、繁盛する、(人・動植物が)力強く成長する'),(4986,'tolerate','動詞\r','許容する、容認する、大目に見る、我慢する、寛容な、寛大な、耐性のある、寛大に取り扱う'),(4987,'toll','名詞\r','死傷者数、損害、料金、報酬、徴収する、(鐘など)を鳴らす、【見出語】number of death'),(4988,'transaction','名詞\r','処理、取り扱い、取り引き、取引、報告書'),(4989,'transformation','名詞\r','変換、変形、変化、変容、変質、【生物】変態、【電気】変圧'),(4990,'transition','名詞\r','移行、変遷、変化、移り変わり、推移、過渡期、変わり目、政権移行期'),(4991,'transmission','名詞\r','変速機、送信、伝達、伝染、伝送、伝導、発信'),(4992,'transparent','形容詞\r','透明な、明白な、透き通る、透けてみえる、薄い、率直な、わかりやすい'),(4993,'trillion','名詞\r','一兆【米】、百万兆【英】'),(4994,'tropic','形容詞\r','回帰線、熱帯の、熱帯地方の'),(4995,'troupe','名詞\r','一座、一団'),(4996,'turbulent','動詞\r','(波風などが)荒れ狂う、不穏な、騒然とした'),(4997,'turn in','熟語\r','提出する'),(4998,'ubiquitous','動詞\r','(同時に)至る所にある、遍在する'),(4999,'unanimous','形容詞\r','満場一致の、一致した、意義のない、合意の、同説の'),(5000,'undergo','動詞\r','経験する、(試験・手術などを)受ける、(災難などを)被る'),(5001,'unearth','動詞\r','発掘する、発見する'),(5002,'uniformity','名詞\r','一様(性)、均一(性)、同一性、一律、画一性、一貫性、単調'),(5003,'unilateral','形容詞\r','一方的な、一国だけの'),(5004,'upbringing','名詞\r','しつけ、教育、育て方'),(5005,'utilization','名詞\r','利用'),(5006,'utterly','副詞\r','全く、完全に、徹底的に'),(5007,'vanish','動詞\r','消える、見えなくなる、消音'),(5008,'vanity','名詞\r','虚栄心、むなしさ、はかなさ、鏡台、化粧テーブル'),(5009,'vaporize','動詞\r','揮発する、気化する、気化させる、蒸気化する、蒸発する/させる、蒸発気化する、蒸発させる'),(5010,'veer','動詞\r','変える、変る'),(5011,'vegetarian','名詞\r','ベジタリアン、菜食主義者'),(5012,'velocity','名詞\r','速さ、速力、速度、迅速さ'),(5013,'vender','名詞\r','売手'),(5014,'vendor','名詞\r','行商人、露店商人'),(5015,'venerable','動詞\r','尊敬に値する、神聖な、いわれのある'),(5016,'venture','名詞\r','冒険(性)、危険、冒険的事業、投機、思惑、を危険にさらす、を賭ける、に敢然と望む'),(5017,'vice','名詞\r','悪徳、性的不道徳、売春、欠陥、欠点、肉体的欠陥、非行、代理の'),(5018,'violate','動詞\r','に違反する、(法律・規則)を破る、を妨害する、犯す、違反する、乱す、強姦する、邪魔する'),(5019,'virtue','名詞\r','長所、徳、美徳、善、貞節、美点、効力、きき目'),(5020,'vista','名詞\r','展望、眺望、ながめ、見通し、予想'),(5021,'warning','名詞\r','警告、警報'),(5022,'warrant','動詞\r','が正当な理由となる、を保証する、に請け合う、令状、証明書'),(5023,'wary','形容詞\r','油断のない、用心深い、細心の、慎重な、気をつける'),(5024,'waterproof','名詞\r','防水布、【英】レーンコート、防水服'),(5025,'waterway','名詞\r','排水溝、運河、水路'),(5026,'welfare','名詞\r','福祉、厚生、幸福、社会事業、福祉補助を受けている'),(5027,'whip','動詞\r','を鞭で打つ(こと)、を激しく打つ、打負かす、励ます、急に動かす、あわだたせる、猟犬係、ホイップ'),(5028,'wilderness','名詞\r','荒野、だだっ広いところ、ごたごたした集まり'),(5029,'windmill','名詞\r','風車、かざぐるま'),(5030,'withdraw','動詞\r','取り消す、撤退する、回収する、を退場させる、閉じこもる'),(5031,'withstand','動詞\r','に抵抗する、によく耐える、逆らう'),(5032,'witness','名詞\r','証言、目撃者、証人、証拠、を目撃する、署名する、を証言する'),(5033,'witty','形容詞\r','機知に富んだ、機知のある、気のきいた'),(5034,'yearn','動詞\r','あこがれる、恋しく思う、切望する、同情する'),(5035,'yield','動詞\r','産する、を生ずる、与える、明け渡す、負ける、出産、収穫'),(5036,'zeal','名詞\r','熱意、熱心'),(5037,'zealous','形容詞\r','熱心な、熱中した、熱狂的な'),(5038,'zenith','名詞\r','全盛、天頂、頂点、最高点、絶頂'),(5039,'accumulate','動詞\r','積む、ためる; 積もる、たまる; 【コンピュータ】累算する'),(5040,'a dog in the manger','熟語\r','意地悪な人'),(5041,'a red letter day','熟語\r','吉日、記念すべき日'),(5042,'acerbate','動詞\r','怒らせる、いらだたせる'),(5043,'acolyte','名詞\r','助手、部下'),(5044,'administer','動詞\r','支配［統治］する; 運営する; 管理［処理］する; (法律を)施行［執行］する; (打撃などを)与える; (手当を)施す'),(5045,'ado','名詞\r','騒ぎ'),(5046,'adroit','形容詞\r','巧みな、抜け目ない'),(5047,'adversary','名詞\r','敵、(競技などの)相手(方); (the A-) 悪魔 (Satan)'),(5048,'advocacy','名詞\r','弁護; 主張'),(5049,'aesthetic','形容詞\r','美的な'),(5050,'affliction','名詞\r','苦難、苦悩'),(5051,'aging','名詞\r','老化; (酒などの)熟成'),(5052,'albeit','接続詞\r','～ではあるが、～にもかかわらず'),(5053,'allegiance','名詞\r','忠誠'),(5054,'allegorical','形容詞\r','寓話の,比喩的な'),(5055,'alpine','形容詞\r','高山の'),(5056,'altitude','名詞\r','高さ、高度; 標高、海抜; 高所; (天体の)高度'),(5057,'amass','動詞\r','集める、蓄積する'),(5058,'ambiguous','形容詞\r','あいまいな、両［多］義にとれる.'),(5059,'ambush','名詞\r','待伏せ(の場所); 伏兵'),(5060,'amicable','形容詞\r','友好的な; 平和的な'),(5061,'amnesia','名詞\r','記憶喪失、健忘症'),(5062,'anecdote','名詞\r','逸話、秘話'),(5063,'anemia','名詞\r','貧血、無気力'),(5064,'anguish','名詞\r','激痛、苦悩'),(5065,'antecede','動詞\r','先行[優先]する。'),(5066,'antecedent','形容詞\r','先立つ、前の ((to)); 仮定の'),(5067,'anthology','名詞\r','名詩選、名文集、詞華集'),(5068,'apace','副詞\r','速やかに'),(5069,'apathetically','副詞\r','無関心に'),(5070,'apiece','副詞\r','一人［一つ］につき、めいめい(に).'),(5071,'apocrypha','名詞\r','出所の怪しい文書'),(5072,'apostle','名詞\r','使者、主唱者、唱道者'),(5073,'append','動詞\r','(札などを)つける (attach); 加える; (署名を)する; (印を)押す; 【コンピュータ】付加する、アペンド'),(5074,'aptitude','名詞\r','性向、素質 ((for)); 適性; 才'),(5075,'arable','形容詞\r','耕作に適した。'),(5076,'arcane','形容詞\r','不可解な、神秘的な'),(5077,'arduous','形容詞\r','困難な、骨の折れる、精力的な'),(5078,'arraign','動詞\r','罪状認否を問う'),(5079,'arrhythmia','名詞\r','不整脈'),(5080,'arthritis','名詞\r','関節炎'),(5081,'as it happen','熟語\r','あいにく'),(5082,'ascendant','形容詞\r','優勢な、優越している;'),(5083,'ascetic','形容詞\r','苦行の、禁欲的な.'),(5084,'aspiration','名詞\r','熱望、大望、抱負 ((for, after)); 【医】吸出し (suction); 気音(発音).'),(5085,'assimilate','動詞\r','同化する、吸収する ((to)); 消化する; 理解する'),(5086,'astray','副詞\r','道に迷って。正道を踏み外して。'),(5087,'astute','形容詞\r','鋭い、機敏な、ずるい'),(5088,'at first sight','熟語\r','一見したところでは'),(5089,'ataraxia','名詞\r','精神の安定、平静、落ち着き'),(5090,'attrition','名詞\r','磨耗,消耗'),(5091,'augment','動詞\r','増す、増大［増加］する'),(5092,'austere','形容詞\r','厳しい、質素な'),(5093,'availability','名詞\r','有効(性)、有益'),(5094,'avenge','動詞\r','復讐する'),(5095,'avert','動詞\r','避ける; 防ぐ; そらす'),(5096,'avid','形容詞\r','熱心な どん欲な'),(5097,'awash','副詞\r','いっぱいで あふれて'),(5098,'awry','副詞\r','それて 不首尾に'),(5099,'backhanded','形容詞\r','回りくどい、間接的な、皮肉な'),(5100,'ballast','名詞\r','安定させるもの'),(5101,'ballot','名詞\r','(無記名)投票用紙［小球］; (無記名)投票(総数); (普通the ～) 投票権; 立候補者名簿; くじ; 【株】(抽選による)新株の割り当て.'),(5102,'bane','名詞\r','破滅のもと、悩みの種'),(5103,'banish','動詞\r','追放する 取り除く'),(5104,'baptize','動詞\r','洗礼を施す、命名する'),(5105,'barrage','名詞\r','集中砲火、連発'),(5106,'barring','前置詞\r','…を除いて; …がなければ'),(5107,'be devoid of','熟語\r','～を欠いている'),(5108,'be fed up with','熟語\r','うんざりしている'),(5109,'be no match for','熟語\r','～にかなわない'),(5110,'be pressed for time','熟語\r','時間が足りない'),(5111,'bedevil','動詞\r','苦しめる'),(5112,'behalf','名詞\r','利益'),(5113,'bellicose','形容詞\r','好戦的な'),(5114,'belonging','名詞\r','所持品; 財産; 性質; 〔話〕 一族、親類; 密接な関係.'),(5115,'bemoan','名詞\r','祝福、神の恵み'),(5116,'benediction','動詞\r','悲しむ 嘆く 哀れむ'),(5117,'beneficent','名詞\r','なさけ深い、奇特'),(5118,'beneficent','形容詞\r','なさけ深い、奇特な.'),(5119,'benevolence','名詞\r','慈悲、なさけ; 徳行、慈善(行為).'),(5120,'bereave','動詞\r','奪う ((of)) (be ～d of one\'s mother 母に死なれる)'),(5121,'berth','名詞\r','(船・列車などの)寝台; 停泊地; 操船余地 (sea room); (気楽な)地位、職.'),(5122,'beset','動詞\r','悩ます'),(5123,'bestow','動詞\r','授ける、贈る、費やす'),(5124,'bide our time','熟語\r','好機を待つ'),(5125,'binge','名詞\r','大騒ぎ'),(5126,'blackmail','名詞\r','ゆすり(取る)、恐喝(する); 脅迫して…させる ((into)).'),(5127,'blare','動詞\r','がなりたてる'),(5128,'blaze','動詞\r','切り開く、先べんをつける'),(5129,'blink','名詞\r','まばたき; 一目; きらめき'),(5130,'blister','動詞\r','激しく非難する'),(5131,'blunderingly','副詞\r','まごついて'),(5132,'bluster','動詞\r','偉そうに～する、どなりちらす'),(5133,'bog','動詞\r','泥沼にはめる'),(5134,'boggle','動詞\r','驚く、たじろぐ'),(5135,'bolster','動詞\r','強化する、支持する'),(5136,'bolt','動詞\r','脱党[脱退]する'),(5137,'bondage','名詞\r','奴隷の身分; 束縛.'),(5138,'boon','名詞\r','恩恵; 〔古〕 頼み(ごと).'),(5139,'booze','名詞\r','酒'),(5140,'bracing','動詞\r','緊張させる、元気づける'),(5141,'brandish','動詞\r','振り回す振りかざす'),(5142,'brash','形容詞\r','軽率な、無謀な、傍若無人な'),(5143,'brawn','名詞\r','筋肉、筋力、体力'),(5144,'break in','熟語\r','(泥棒が)押し入る'),(5145,'break in on','熟語\r','さえぎる、中断する'),(5146,'breakdown','名詞\r','崩壊; 故障、破損; 断絶; 中断; 衰弱; 分解、分析、分類; 〔米〕 騒がしいダンス'),(5147,'brochure','名詞\r','パンフレット、仮とじ本'),(5148,'broil','動詞\r','あぶる(こと); 焼き肉; じりじり照りつける; 焼けつくように暑い'),(5149,'brunt','名詞\r','攻撃の主力［ほこ先］.'),(5150,'buffer','名詞\r','緩衝器［物］、(衝撃を)緩和する; 【化】緩衝剤(で処理する); 【コンピュータ】バッファ、緩衝記憶装置.'),(5151,'bulletin','名詞\r','公報; 告示; 速報; 定期刊行物.'),(5152,'bumper','形容詞\r','非常に大きな,豊作の'),(5153,'bungle','名詞\r','へま'),(5154,'buoy','動詞\r','元気づける、鼓舞する'),(5155,'by and by','熟語\r','まもなく'),(5156,'by the large','熟語\r','全般的には'),(5157,'calumny','名詞\r','中傷、悪口'),(5158,'camaraderie','名詞\r','友情、仲間意識'),(5159,'canopy','名詞\r','天がい状のもの'),(5160,'capricious','形容詞\r','気まぐれな'),(5161,'carcinogen','名詞\r','発ガン物質'),(5162,'cardinal','形容詞\r','主要な、基本的な; 緋色(ひいろ)の.'),(5163,'carnage','名詞\r','大虐殺'),(5164,'carryover','名詞\r','繰越し; 持越し(品)、残っているもの、名残; 影響'),(5165,'catastrophic','形容詞\r','破滅的な'),(5166,'caucus','名詞\r','党員集会'),(5167,'censorship','名詞\r','検閲; 検閲官の職(務).'),(5168,'cessation','名詞\r','中止、休止'),(5169,'chafe','動詞\r','いらいらさせる。いらだつ。'),(5170,'changed hands','熟語\r','持ち主が変わる'),(5171,'chasm','名詞\r','(岩・地面の)深い割目; すき間; (感情・意見などの)隔り.'),(5172,'chasten','動詞\r','懲らしめる'),(5173,'chieftain','名詞\r','指導者、首領'),(5174,'chisel','名詞\r','のみ、彫刻刀'),(5175,'chore','名詞\r','(毎日の)雑用、いやな［退屈な］仕事'),(5176,'christen','動詞\r','洗礼を施す、命名する'),(5177,'chronic','形容詞\r','長引く、慢性の; ひどい、いやな; 病みつきの'),(5178,'chronicle','名詞\r','年代記、記録; 物語; (C-) …新聞 (The News Chronicle).'),(5179,'chummy','形容詞\r','親しい、仲良しの、友好的な'),(5180,'circa','副詞\r','約、およそ、～頃'),(5181,'circumference','名詞\r','円周、周囲、周辺.'),(5182,'circumlocution','名詞\r','まわりくどい言い方; 言いのがれ'),(5183,'circumscribe','動詞\r','まわりに線を引く、囲む; 制限する; 【数】外接させる.'),(5184,'clergy','名詞\r','聖職者'),(5185,'closer','名詞\r','閉鎖者'),(5186,'clumsy','形容詞\r','ぎこちない、不器用な'),(5187,'clunky','形容詞\r','響きが悪い。不体裁な。'),(5188,'coalesce','動詞\r','合体する、連合する'),(5189,'coattails','名詞\r','有力者の力'),(5190,'coed','形容詞\r','男女共学の'),(5191,'cohere','動詞\r','密着する; 凝集［結合］する; (話が)首尾一貫する; 一致する、協力する.'),(5192,'collaboration','名詞\r','合作、共同研究'),(5193,'colossal','形容詞\r','巨大な; 〔話〕 すばらしい'),(5194,'comely','形容詞\r','容姿のいい、きれいな'),(5195,'comeuppance','名詞\r','当然の報い'),(5196,'compatible','形容詞\r','仲よくやっていける; 両立できる ((with)); (電気器具などが)(支障なく)一緒に使用できる ((with)); 互換性のある.'),(5197,'complement','名詞\r','補足(物); 【文法】補語; 【数】余角、補数、補集合; (乗組員の)定員; 必要な数［量］; 【免疫】補体'),(5198,'compliance','名詞\r','応諾、従順 ((with)).'),(5199,'comrade','名詞\r','同志'),(5200,'concede','動詞\r','認める、与える'),(5201,'conceit','名詞\r','うぬぼれ'),(5202,'conceited','形容詞\r','うぬぼれの強い'),(5203,'conception','名詞\r','妊娠; 概念、理解 ((of)); 概念作用; 想像力; 着想'),(5204,'condone','動詞\r','大目に見る'),(5205,'conduit','名詞\r','経路、ルート'),(5206,'conflagration','名詞\r','大火'),(5207,'conflicting','形容詞\r','相反する'),(5208,'congenial','形容詞\r','同性質の ((with)); 性に合う ((to)); (気分に)適した ((to)).'),(5209,'congestion','名詞\r','【医】充血; (交通)渋滞'),(5210,'congruous','形容詞\r','適切な.'),(5211,'conjure','動詞\r','思い出させる。ほうふつさせる。'),(5212,'connoisseur','名詞\r','通、玄人、権威'),(5213,'consecrate','動詞\r','神聖化する; 奉献する (～ a church 献堂する); (ある目的に)捧げる ((to)).'),(5214,'consolation','名詞\r','慰め(になるもの［人］).'),(5215,'consort','動詞\r','付き合う、交わる'),(5216,'conspicuously','副詞\r','目立って'),(5217,'consternate','動詞\r','驚かす、肝をつぶさせる'),(5218,'contemplative','形容詞\r','瞑想にふける'),(5219,'continuity','名詞\r','連続(性); (論理的)連関(性); 撮影［放送］台本、コンテ; (放送の間に入れる)つなぎの文句［音楽］.'),(5220,'continuously','副詞\r','連続して'),(5221,'contradictory','形容詞\r','矛盾する'),(5222,'contumely','名詞\r','侮辱、無礼'),(5223,'cordon','動詞\r','非常線,非常線を張る'),(5224,'cornucopia','名詞\r','豊富.豊作'),(5225,'coronary','形容詞\r','心臓の,冠動脈の'),(5226,'corroborate','動詞\r','補強する、確認する、確証する'),(5227,'council','名詞\r','会議; 評議会、審議会、協議会; 地方議会; 〔英〕 (the C-) 枢密院; 討議.'),(5228,'countenance','名詞\r','顔(つき); 面目; 落ち着き; 賛成、支持'),(5229,'counteroffensive','名詞\r','反攻、逆襲'),(5230,'counterpart','名詞\r','(対(つい)の)片方、片割れ; (正副書類の)一通; 写し; 似た人［もの］.'),(5231,'coverage','名詞\r','(保険の)補償範囲、保険補償額; 報道(範囲); (広告の)分布範囲; 【放送】サービス区域.'),(5232,'craven','形容詞\r','臆病な、ひきょうな、臆病者'),(5233,'credulous','形容詞\r','信じ［だまされ］やすい ((of)).'),(5234,'crony','名詞\r','親友'),(5235,'cross my mind','熟語\r','ふと心に浮かぶ'),(5236,'crow','動詞\r','勝ち誇る、歓声を上げる'),(5237,'cue','名詞\r','(せりふの)渡し文句、キュー; きっかけ; 合図、ヒント; 役割; 気分; 【コンピュータ】キュー'),(5238,'culinary','形容詞\r','料理の'),(5239,'cult','名詞\r','礼拝(式)、儀式; (宗教的な)信仰; 新興宗教; 崇拝、礼賛 ((of)); 熱狂、流行; ((集合的)) (主義などの)崇拝者、ファンたち'),(5240,'curio','名詞\r','(pl. ～s) 骨とう品'),(5241,'cursory','形容詞\r','粗雑［ぞんざい］な; 大急ぎの'),(5242,'dais','名詞\r','演壇'),(5243,'damn','名詞\r','呪(のろ)い; 〔話〕 ((否定文で)) 少し.'),(5244,'dampen','動詞\r','低下させる、鈍らせる'),(5245,'daunt','動詞\r','気力をくじく、怖がらせる'),(5246,'daunt','動詞\r','おどかす; 気力をくじく'),(5247,'deaden','動詞\r','弱める; 鈍らせる; 無感覚にする; 音［つや］を消す; 死ぬ; 弱まる; 鈍る.'),(5248,'dean','名詞\r','学部長'),(5249,'debase','動詞\r','(品質などを)低下させる'),(5250,'deceitful','形容詞\r','人をだます、偽りの、人を惑わすような'),(5251,'decent','名詞\r','品行、ふるまい'),(5252,'decrepit','形容詞\r','老衰［老朽化］した'),(5253,'dedicated','形容詞\r','打ち込んだ、熱心な; 【コンピュータ】専用の (～ed terminal (入力専用の)端末機).'),(5254,'deduction','名詞\r','差引、割引、控除(額); 推論［推定］; 【論】演繹(えんえき)(法) ((inductionの対)).'),(5255,'deem','形容詞\r','まともな、人並みな、申し分のない'),(5256,'defer','動詞\r','延ばす［びる］、延期する; 〔米〕 (徴兵を)猶予する'),(5257,'degrade','動詞\r','降格する; 堕落［悪化］させる［する］; 価値を下げる; 【生物】退化させる; 【化】分解する'),(5258,'dejection','名詞\r','落胆、失意.'),(5259,'deliriously','副詞\r','精神錯乱して'),(5260,'delivery','名詞\r','配達; 配達回数; 配達品; 引渡し、交付; (演説の)仕方、話しぶり; 分娩、出産; 投球(法); 解放.'),(5261,'demagog','名詞\r','扇動(政治)家'),(5262,'demeanor','動詞\r','考える、思う'),(5263,'demise','名詞\r','消滅、絶滅、終焉'),(5264,'denouement','名詞\r','結末、解決、けり'),(5265,'denunciate','動詞\r','非難する、告発する'),(5266,'deplete','動詞\r','からにする、涸渇(こかつ)させる ((of)).'),(5267,'deportment','名詞\r','(特に、若い女性の人前での)態度'),(5268,'depravity','名詞\r','堕落; 不善、悪行'),(5269,'depression','名詞\r','下落; 沈下; くぼみ; 【気象】(気圧の)低下; 不況; (the D-) 世界大恐慌 (Grèat Depréssion); 意気消沈; 【医】うつ病; 衰弱; 【コンピュータ】解凍、展開.'),(5270,'deride','動詞\r','あざける (ridicule) ((as, for)); 軽蔑する.'),(5271,'detergent','名詞\r','洗浄の; 洗浄剤、(特に)合成洗剤'),(5272,'deteriorate','動詞\r','悪化［低下・堕落］させる［する］.'),(5273,'detour','名詞\r','回り道(をさせる［する］).'),(5274,'devout','形容詞\r','信心深い、熱烈な'),(5275,'dialectic','名詞\r','弁証法; 弁証法的討論'),(5276,'diatribe','名詞\r','酷評、こきおろし'),(5277,'differential','形容詞\r','差別(的)の; 特性を示す; 【数】微分の; 【機】差動の; 差; 料金［賃金］格差(率); 【数】微分学'),(5278,'disappearance','名詞\r','失踪(そう); 消失、消滅'),(5279,'discern','動詞\r','識別する、認識する'),(5280,'disengage','動詞\r','(束縛などから)自由にする［なる］、解放する ((from)); 離す［れる］ ((from)); 【軍】戦闘を停止させる［する］; 【化】遊離させる ((from)).'),(5281,'dishabille','名詞\r','普段着、略服'),(5282,'dismal','形容詞\r','陰気な、悲惨な、'),(5283,'dismay','名詞\r','ろうばい、おじけ、落胆 ((in, with)).'),(5284,'disorder','動詞\r','混乱させる、'),(5285,'displace','動詞\r','置換える、移動させる; 免職にする; …に取って代る; 【海事】排水する.'),(5286,'disprove','動詞\r','反証［論破］する (refute).'),(5287,'disrupt','動詞\r','分裂する［させる］; 混乱する［させる］; 崩壊させる.'),(5288,'dissociate','動詞\r','引き離す、分離する、'),(5289,'distort','動詞\r','(顔・意味などを)ゆがめる; (映像や音声を)ひずませる.'),(5290,'distract','動詞\r','(心を)紛らす; 迷わす; 取り乱させる、狂乱させる.'),(5291,'disuse','動詞\r','使用をやめる.'),(5292,'dividend','名詞\r','配当(金); 【数】被除数.'),(5293,'doggedness','名詞\r','頑固、執念深い.'),(5294,'dogmatism','名詞\r','独断論、独断的態度、教条主義'),(5295,'doleful','名詞\r','悲嘆に暮れた、憂鬱な、'),(5296,'drab','形容詞\r','(-bb-) 淡褐色(の); 単調(な)'),(5297,'drastic','形容詞\r','(手段など)徹底的な、思い切った; 深刻な'),(5298,'dreary','形容詞\r','わびしい、陰鬱な、荒涼とした、'),(5299,'drift','名詞\r','流れ、潮流; 漂流(物); (人の)移動; (雪・砂などの)吹寄せ、吹きだまり; 成行きまかせ; 傾向; 大意; 【言】定向変化; 【採鉱】沿層坑道; 偏流; 【電気】ドリフト.'),(5300,'dual','形容詞\r','2の、2重の、2重性の; 2元的な; 2重人格の'),(5301,'duck','動詞\r','避ける、かわす、'),(5302,'dud','名詞\r','失敗'),(5303,'duel','名詞\r','決闘; 腕比べ; 争い、論争.'),(5304,'dye','名詞\r','染料; 染色、色合い (tint)'),(5305,'echelon','名詞\r','段階、階層'),(5306,'eclectic','形容詞\r','折衷主義の、折衷主義者'),(5307,'ecologist','名詞\r','生態学者; 社会生態学者; 環境保護論者'),(5308,'edict','名詞\r','布告、命令'),(5309,'edifice','名詞\r','大建築物'),(5310,'edify','動詞\r','啓発する、教化する'),(5311,'effigy','名詞\r','像、肖像'),(5312,'eke out','動詞\r','不足を補う、[生計を]やりくりする'),(5313,'elation','名詞\r','大得意.'),(5314,'electron','名詞\r','電子'),(5315,'elicit','動詞\r','引き出す'),(5316,'emancipate','動詞\r','解放する ((from)).'),(5317,'emeritus','名詞\r','名誉～'),(5318,'emir','名詞\r','首長'),(5319,'emit','動詞\r','(光・熱などを)出す、(音声・言葉・臭いなどを)発する; (紙幣を)発行する.'),(5320,'enact','動詞\r','(法を)制定する; 命じる; (役を)演じる、上演する (play).'),(5321,'entourage','名詞\r','側近、取り巻き'),(5322,'entwine','動詞\r','絡み合わせる'),(5323,'epidemic','形容詞\r','流行性の'),(5324,'equanimity','名詞\r','落ち着き、平静、均衡、調和'),(5325,'equation','名詞\r','均分(法)、均一(化); 同一視; 方程式'),(5326,'equilibrium','名詞\r','平衡、釣合; (心の)平静'),(5327,'equity','名詞\r','公平、公正; 衡平法; 【法】衡平裁定; (pl.) 固定配分のない株; (E-) 俳優組合'),(5328,'estrangement','名詞\r','疎遠、離反'),(5329,'ethereal','形容詞\r','軽やかな、優美な、霊妙な'),(5330,'ethos','名詞\r','気風、精神、風潮'),(5331,'exaltation','名詞\r','高めること; 昇進; 称揚、高貴; 得意、有頂天'),(5332,'exemplary','形容詞\r','模範的な、典型的な'),(5333,'exertion','名詞\r','努力; 尽力; (威力の)発揮 ((of)).'),(5334,'exhilarate','動詞\r','陽気にする、活気づける、鼓舞する'),(5335,'exonerate','動詞\r','開放する、免除する'),(5336,'exorbitant','形容詞\r','法外な'),(5337,'expedite','動詞\r','促進する、早める; 手早くすます.'),(5338,'explicit','形容詞\r','明白に述べられた; 明白な (clear); 腹蔵のない'),(5339,'expunge','動詞\r','抹消する、破壊する、絶滅させる'),(5340,'exquisite','形容詞\r','見事な、強烈な'),(5341,'extirpate','動詞\r','根絶する、絶滅する、摘出する'),(5342,'extraditable','形容詞\r','[犯人が]引き渡されるべき'),(5343,'extrauterine','名詞\r','子宮外妊娠'),(5344,'fabled','形容詞\r','伝説的な、架空の、'),(5345,'fabricate','動詞\r','組立てる; (物語を)作る、でっちあげる; (文書を)偽造する'),(5346,'faculty','名詞\r','能力、才能、技能; 権限; (身体的)機能; 〔米〕 ((単複両扱い)) 教授団［陣］、全教職員; (時にF-) (大学)学部.'),(5347,'fanfare','名詞\r','誇示、虚勢、宣伝、'),(5348,'fatal','形容詞\r','宿命の; 取り返しのつかない ((to)); 運命を左右する; 重大な; 致命［破滅］的な'),(5349,'fathom','名詞\r','【海事】尋(ひろ) ((6 feet)).'),(5350,'feasible','形容詞\r','実行できる、可能な; ありそうな; 適当な ((for))'),(5351,'feast','名詞\r','祝祭(日) 祝宴; ごちそう; 楽しみ ((for)).'),(5352,'fell foul of','熟語\r','きげんを損なう'),(5353,'fester','動詞\r','わだかまる、'),(5354,'fickle','形容詞\r','気まぐれな、移り気の、'),(5355,'filth','名詞\r','汚物、不潔、下品な言葉、堕落、'),(5356,'fissure','名詞\r','亀裂'),(5357,'fixation','名詞\r','固定; 据え付け; 【化】凝固; 【写】定着; 色留め; 【精神分析】固着 ((on)) ((性欲成熟障害)); (異常な)執着 ((about, with)).'),(5358,'fizzle','動詞\r','失敗する、水泡に帰する、'),(5359,'flagrant','形容詞\r','極悪の、名うての; (過失、欠点などが)ひどい'),(5360,'flare','名詞\r','ゆらめく炎、炎のゆらめき; 火炎信号; (感情の)激発; (グラスなどの)朝顔型の開き; (ズボンの)すそ広がり; (スカートの)フレア; (pl.) らっぱズボン; 【写】フレア.'),(5361,'flaw','動詞\r','傷を生じさせる、'),(5362,'fleece','動詞\r','巻き上げる、だまし取る、'),(5363,'flicker','動詞\r','(光が)ゆらめく; ゆれ動く; 明滅する; (希望などが)ちらちらする; ちらちら動く; 翻る'),(5364,'flimsy','形容詞\r','薄っぺらな、もろい; 強固でない; 軽薄な'),(5365,'flirt','動詞\r','いちゃつく、もてあそぶ、'),(5366,'flounder','動詞\r','もがく、あがく、'),(5367,'flout','動詞\r','あざ笑う、ばかにする、'),(5368,'fluke','名詞\r','まぐれ当たり、'),(5369,'flunk','動詞\r','落第点を取る、しくじる、'),(5370,'flurry','名詞\r','混乱、ろうばい、'),(5371,'foliage','名詞\r','((集合的)) (一草木の)葉; 【建】葉飾り.'),(5372,'folksy','形容詞\r','庶民的な、親しみやすい、くだけた、'),(5373,'follwer','名詞\r','従者、信奉者'),(5374,'for sure','熟語\r','確実に'),(5375,'foray','名詞\r','侵略、略奪、進出'),(5376,'forensic','形容詞\r','法廷の、弁論の'),(5377,'foretell','動詞\r','(foretold) 予告［予言］する'),(5378,'forlorn','形容詞\r','わびしい、見放された、絶望した、'),(5379,'fortify','動詞\r','強化[補強]する、裏付ける、'),(5380,'fossil','名詞\r','化石(の); (普通old ～) 時代遅れの(人); がんこな考え.'),(5381,'foul','形容詞\r','汚い、卑劣な'),(5382,'fragrant','形容詞\r','においのよい; 快い'),(5383,'frail','形容詞\r','もろい、はかない'),(5384,'frantic','形容詞\r','気違いじみた、すごい'),(5385,'friction','名詞\r','摩擦'),(5386,'fritter','動詞\r','ちびちび浪費する ((away; on)).'),(5387,'frivolous','形容詞\r','取るに足りない、浅薄な、'),(5388,'fulminate','動詞\r','激しく非難する、'),(5389,'fume','名詞\r','立腹、いらだち、'),(5390,'funnel','動詞\r','１ヶ所に集中する'),(5391,'futility','名詞\r','無用; 無益な行為; 軽薄な言動.'),(5392,'galaxy','名詞\r','(G-) 銀河(系)、天の川; (銀河系外の)星雲; (普通a ～) (才子・美人などの)華やかな群.'),(5393,'gall','動詞\r','悩ます、いらだたせる'),(5394,'gamut','名詞\r','全領域、全般'),(5395,'garb','名詞\r','身なり、外観'),(5396,'garrison','名詞\r','守備隊(を置く)、要塞地(として守備する).'),(5397,'generate','動詞\r','産む、産出する; 起す、生じる; 【数】(点・線・面などが動いて、線・面・立体などを)作る; 【コンピュータ】生成する.'),(5398,'genial','形容詞\r','温和な; 快適な; 親切な、温かい.'),(5399,'give out','熟語\r','配布する、発表する、放つ、不足する'),(5400,'glitch','形容詞\r','故障、不調'),(5401,'glitzy','形容詞\r','けばけばしい、派手な'),(5402,'glorify','動詞\r','賛美、賞賛する'),(5403,'glossy','形容詞\r','光沢のある; 体裁を繕った'),(5404,'glum','形容詞\r','陰気な、不機嫌な、落胆した'),(5405,'ｇｌｕｔｔｏｎ','名詞\r','大食家、熱中する人'),(5406,'gnome','名詞\r','国際的投機筋'),(5407,'gonorrhea','名詞\r','淋病'),(5408,'got carried away','熟語\r','夢中になる'),(5409,'graft','名詞\r','移植、汚職、収賄'),(5410,'grimace','名詞\r','しかめつら(をする) ((at)).'),(5411,'gripe','動詞\r','不平を言う、愚痴をこぼす'),(5412,'grope','動詞\r','模索する'),(5413,'grope','動詞\r','手探りする［で見つける］、暗中模索(もさく)する ((after, for)). 〔俗〕 体をまさぐる.'),(5414,'gush','名詞\r','噴出'),(5415,'haggle','動詞\r','押し問答する、しつこく値切る'),(5416,'hamper','動詞\r','妨げる'),(5417,'hamstring','動詞\r','挫折させる、骨抜きにする'),(5418,'hapless','形容詞\r','不幸な、不運な'),(5419,'harp on','熟語\r','～のことを繰り返してくどくど言う'),(5420,'hoard','名詞\r','秘蔵、買いだめ、宝庫'),(5421,'hobble','動詞\r','妨げる、困らせる'),(5422,'hotly','副詞\r','熱く、激しく'),(5423,'hover','動詞\r','(空中の一か所を中心に)舞う; うろつく(こと)、さまよう ((around, about)); ちゅうちょ(する)'),(5424,'hubris','名詞\r','自信過剰、うぬぼれ、傲慢'),(5425,'huddle','動詞\r','集まる、集まって相談する'),(5426,'humiliate','動詞\r','はずかしめる、屈辱を与える'),(5427,'humongous','形容詞\r','ばかでかい、ものすごい'),(5428,'hunch','名詞\r','予感、虫の知らせ'),(5429,'hurl','動詞\r','投げつける、浴びせる'),(5430,'hypothesis','名詞\r','仮説'),(5431,'idolatry','名詞\r','偶像崇拝; 盲目的賛美.'),(5432,'if anything','熟語\r','どちらかといえば'),(5433,'impact','名詞\r','刺激、影響、衝撃、衝突 ((on, against)).'),(5434,'impair','動詞\r','害する; (価値などを)減じる、弱める'),(5435,'impartial','形容詞\r','片寄らない; 公平な'),(5436,'impede','動詞\r','妨げる、遅らせる'),(5437,'impediment','名詞\r','故障,障害(物) ((to)); 言語障害.'),(5438,'imperative','形容詞\r','避けられない、命令的な'),(5439,'impetus','名詞\r','運動量; 原動力; はずみ, 刺激 ((to; to do)).'),(5440,'implicit','形容詞\r','暗黙のうちの、それとなしの; 絶対の; 必然的に含まれている ((in)).'),(5441,'imply','動詞\r','暗示する、意味する'),(5442,'impudence','名詞\r','厚かましさ、生意気さ'),(5443,'impunity','名詞\r','罰せられないこと.'),(5444,'in a small way','熟語\r','ささやかに'),(5445,'in force','熟語\r','大挙して'),(5446,'in plain English','熟語\r','はっきり言って'),(5447,'incest','名詞\r','不正、邪悪'),(5448,'inchoate','名詞\r','近親相姦'),(5449,'incidence','名詞\r','発生率［範囲］; (税などの)負担; 【物】(光線の)投射［入射］角'),(5450,'indecent','形容詞\r','見苦しい; 下品な、わいせつな; 〔話〕 (質、量が)適当でない'),(5451,'indignant','形容詞\r','憤慨して ((at, over, about; with)).'),(5452,'indignity','名詞\r','侮辱［的な言動］、軽べつ; 屈辱; 冷遇'),(5453,'indolent','形容詞\r','怠惰な、ものぐさな、無精な; 【医】無痛(性)の; 治癒(ゆ)の遅い'),(5454,'induce','動詞\r','説得して…させる ((to do)); 勧誘する; 引起す; 【論】帰納する; 【電気】誘導する; 【医】(薬で)出産を促す.'),(5455,'inelastic','形容詞\r','弾力のない; 融通のきかない; 適応性のない'),(5456,'inert','形容詞\r','不活発な、鈍い; 【物】自動力のない; 【化】不活性の.'),(5457,'inescapable','形容詞\r','逃げられない、不可避の'),(5458,'inextricable','形容詞\r','初期の、不完全な、乱雑な'),(5459,'infestation','名詞\r','群がること; 蔓(まん)延; 横行'),(5460,'informative','形容詞\r','知識を与える; 有益な.'),(5461,'infringe','動詞\r','破る、犯す; 侵害する ((on, upon)).'),(5462,'iniquitous','形容詞\r','不正［邪悪］な; (値段などが)法外に高い'),(5463,'iniquity','動詞\r','相続する'),(5464,'initiatory','形容詞\r','手始めの、入門の'),(5465,'innate','形容詞\r','生れつきの、固有の'),(5466,'insensible','形容詞\r','気がつかない ((of)); 人事不省の; 気づかないほど(わずか)の; 冷淡な、無神経な ((of, to)).'),(5467,'insidious','形容詞\r','狡猾な、陰険な、油断できない'),(5468,'insolent','形容詞\r','横柄な、無礼な ((to, towards)).'),(5469,'installation','名詞\r','就任(式); 任命; 設置、架設; 設備; 【コンピュータ】インストレーション; 【軍】基地'),(5470,'intact','形容詞\r','手をつけない、完全な'),(5471,'integrity','名詞\r','正直、清廉潔白、剛毅(き); 完全、全一性; 【コンピュータ】完全性、整合性; 元のまま(の状態).'),(5472,'intercede','動詞\r','仲裁する、とりなす ((for, on behalf of)).'),(5473,'intercepter','名詞\r','横取りするもの、障害物'),(5474,'interior','名詞\r','内部; 室内; 奥地; (the ～) 内政、内務; (the ～) 内心、本性'),(5475,'interlude','名詞\r','幕間(あい)、合間; 合間になされる物事; 幕間劇［演芸］; 【楽】間奏曲'),(5476,'intertwine','動詞\r','絡み合う、もつれさせる、もつれる'),(5477,'intimidate','動詞\r','おどす、脅迫する、脅して…させる ((into)).'),(5478,'intractable','形容詞\r','手におえない、厄介な'),(5479,'intransigence','名詞\r','非妥協的態度'),(5480,'intravenous','形容詞\r','静脈の、静脈注射の'),(5481,'invariable','形容詞\r','変化しない; 【数】定数の'),(5482,'invigorate','動詞\r','活気づける、鼓舞する'),(5483,'irksome','形容詞\r','煩わしい、うんざりさせる'),(5484,'irrelevant','形容詞\r','不適切な; 無関係な ((to)); 今日の問題と関係ない、役に立たない'),(5485,'it stands to reason that','熟語\r','～は当然である'),(5486,'jar','名詞\r','つぼ［かめ］(1杯の量).'),(5487,'jargon','名詞\r','特殊用語、通語'),(5488,'jerk','動詞\r','ぐいっと動かす'),(5489,'jolt','動詞\r','がたがたする、(馬車などが)がたごと進む.'),(5490,'juvenile','形容詞\r','若い; 子供らしい、未熟な; 少年［少女］(向き)の.'),(5491,'keep a straight face','熟語\r','笑いをこらえる'),(5492,'keeping an eye on','熟語\r','見張る、監視する'),(5493,'kerosene','名詞\r','灯油'),(5494,'kit','名詞\r','道具一式、道具箱［袋］; 服装; 【軍】装具; 旅行用具; 背嚢(のう); 【ラジオ・模型など】組立部品一式; 【コンピュータ】ハードウェア'),(5495,'klptomania','名詞\r','病的盗癖[者]'),(5496,'know better than to','熟語\r','～するほど愚かではない'),(5497,'knuckle','動詞\r','屈服する、降伏する'),(5498,'lade','動詞\r','(荷を)積む (load); 負わせる ((with)); (ひしゃくで)くみ出す.'),(5499,'laissez-faire','形容詞\r','自由放任の'),(5500,'lambaste','動詞\r','酷評する、こきおろす'),(5501,'largesse','名詞\r','気前のよさ'),(5502,'laudable','形容詞\r','称賛すべき'),(5503,'lava','名詞\r','溶岩'),(5504,'laxness','名詞\r','ゆるんでいること'),(5505,'leak','動詞\r','漏れ(口、穴)、漏出量; (秘密)漏洩(ろうえい); 【電気】漏電; 〔俗〕 放尿.'),(5506,'lieutenant','名詞\r','側近、警部補'),(5507,'linguistic','形容詞\r','言語上の; 言語学の.'),(5508,'litigation','名詞\r','訴訟'),(5509,'longevity','名詞\r','長寿、長命'),(5510,'lore','名詞\r','(特定分野の)知識、学問; (民間)伝承.'),(5511,'lousy','形容詞\r','卑劣な、みじめな'),(5512,'lubricant','名詞\r','滑らかにする; 潤滑油［剤］; 円滑にするもの'),(5513,'luster','名詞\r','(落着いた)光沢; 光彩; 輝き; ガラス製装飾品; 名声、栄光; (光沢のある)織物の一種.'),(5514,'make allowance for','熟語\r','考慮にいれる'),(5515,'make up to','熟語\r','～に取り入れる'),(5516,'maladroit','形容詞\r','不器用な、不手際な'),(5517,'malady','名詞\r','病; 病弊'),(5518,'malaise','名詞\r','不調、不安、不快感'),(5519,'malicious','形容詞\r','悪意ある、腹黒い; 【法】犯意のある'),(5520,'malignant','形容詞\r','有害な; 【医】悪性の; 悪意のある; 【英史】(M-) Charles I時代の王党員.'),(5521,'mandatory','名詞\r','殉教者'),(5522,'martyr','形容詞\r','戦争の、軍人の'),(5523,'maudlin','名詞\r','泣き上戸'),(5524,'maxim','名詞\r','格言'),(5525,'meadow','名詞\r','牧草地'),(5526,'meager','形容詞\r','やせた、貧弱な'),(5527,'meager','形容詞\r','やせた; 不十分な; 貧弱な; 無味乾燥な'),(5528,'melee','名詞\r','殴り合い、乱闘'),(5529,'mendacious','形容詞\r','虚偽の、嘘をつく'),(5530,'mendicant','名詞\r','乞食'),(5531,'menial','形容詞\r','召使、召使の'),(5532,'mercenary','形容詞\r','金銭目当ての、傭兵'),(5533,'mercenary','形容詞\r','金銭目当てに働く(人); 雇いの; 傭兵(ようへい).'),(5534,'mercurial','形容詞\r','陽気な、活発な、移り気な'),(5535,'merge','動詞\r','没入させる［する］ ((into)); 合併する ((in, with; into)); 溶け込む'),(5536,'mesa','名詞\r','(頂上が平らな)岩山、メサ'),(5537,'mete','動詞\r','計る、割り当てる'),(5538,'meticulous','形容詞\r','小心な、細心の、細部まで正確な'),(5539,'mettle','名詞\r','気質、気性、勇気'),(5540,'microminiature','形容詞\r','超小型の'),(5541,'mien','名詞\r','態度、風采'),(5542,'minatory','形容詞\r','脅迫の'),(5543,'mire','名詞\r','泥; ぬかるみ; 泥沼; (the ～) 窮地.'),(5544,'mirth','名詞\r','愉快、陽気、はしゃぎ'),(5545,'miscreant','形容詞\r','極悪非道な'),(5546,'mitigate','動詞\r','和らげる; 【法】緩和［軽減］する (mitigating circumstances 情状酌量).'),(5547,'mobility','名詞\r','可［機］動性; 敏感性'),(5548,'momentous','形容詞\r','重大［要］な'),(5549,'momentum','名詞\r','【力】運動量; 惰性; はずみ、勢い'),(5550,'monetary','形容詞\r','貨幣の、金銭上の'),(5551,'morass','名詞\r','泥沼、苦境'),(5552,'moribund','形容詞\r','絶滅寸前な'),(5553,'mortality','名詞\r','死を免れないこと; 死すべき運命; 死亡数［率］.'),(5554,'mortify','動詞\r','屈辱を与える'),(5555,'motivate','動詞\r','動機を与える、学習意欲を高める、動かす、そそのかす'),(5556,'mule','名詞\r','麻薬の運び屋'),(5557,'murmur','動詞\r','つぶやく、不平を言う'),(5558,'muster','動詞\r','(点呼などのために)召集する、(勇気を)奮い起す ((up)).'),(5559,'mutiny','名詞\r','反抗、反乱、暴動'),(5560,'mutter','動詞\r','ぶつぶつ言う'),(5561,'nonentity','名詞\r','取るに足らない人[物]'),(5562,'ogle','形容詞\r','色目を使う'),(5563,'on no account','熟語\r','決して～ない'),(5564,'oncogene','名詞\r','発ガン遺伝子'),(5565,'osteoporosis','名詞\r','骨粗しょう症'),(5566,'out and away','熟語\r','はるかに、比較にならないほど'),(5567,'outlay','名詞\r','支出、経費'),(5568,'outstrip','動詞\r','追い越す、上回る'),(5569,'outweigh','動詞\r','～より重要である、まさる'),(5570,'overture','名詞\r','提案、序章、序曲'),(5571,'palatable','形容詞\r','快い、味のよい、趣味にあう'),(5572,'pall','名詞\r','暗雲、暗影'),(5573,'paltry','形容詞\r','取るに足りない、けちな'),(5574,'pamper','動詞\r','甘やかす'),(5575,'pandemonium','名詞\r','修羅場、混沌'),(5576,'panoply','名詞\r','防御物、覆い'),(5577,'paragon','名詞\r','模範、典型、かがみ'),(5578,'pariah','名詞\r','のけ者'),(5579,'passed out','熟語\r','気絶する'),(5580,'passed the time of day','熟語\r','～と楽しくおしゃべりをする'),(5581,'perish','動詞\r','死ぬ'),(5582,'perquisite','名詞\r','役得、特典'),(5583,'perusal','名詞\r','熟読、通読'),(5584,'plethora','名詞\r','過剰、過多'),(5585,'plush','形容詞\r','豪華な、ぜいたくな'),(5586,'plutocracy','名詞\r','金権政治'),(5587,'posture','名詞\r','姿勢、状況、態度'),(5588,'predict','動詞\r','予言する'),(5589,'preeminence','名詞\r','傑出、優位'),(5590,'pristine','形容詞\r','原始のままの、純粋な'),(5591,'probity','名詞\r','正直、誠実'),(5592,'prod','動詞\r','刺激する'),(5593,'profitable','形容詞\r','有益な'),(5594,'prognosis','名詞\r','予後、予想'),(5595,'protract','動詞\r','長引かせる、延長する'),(5596,'province','名詞\r','州、省、県'),(5597,'purport','動詞\r','称する、意味する、意図する'),(5598,'quandary','名詞\r','困惑、苦境、板ばさみ'),(5599,'quantum','形容詞\r','画期的な、飛躍的な'),(5600,'quell','動詞\r','鎮圧する、抑える'),(5601,'quibble','名詞\r','屁理屈、あら探し'),(5602,'quiescent','形容詞\r','静かな、不活発な'),(5603,'quintessence','名詞\r','本質、真髄、典型'),(5604,'quip','動詞\r','皮肉をいう、からかう'),(5605,'quirky','形容詞\r','ずるい、気まぐれな'),(5606,'quixotic','形容詞\r','非現実的な'),(5607,'quorum','名詞\r','定員'),(5608,'raft','名詞\r','多数、多量'),(5609,'rancid','動詞\r','悪臭を放つ'),(5610,'rancor','名詞\r','恨み、悪意'),(5611,'rattle','動詞\r','ガタガタと音を立てる、混乱させる'),(5612,'rebuke','動詞\r','強く非難する'),(5613,'reeked of','熟語\r','臭い'),(5614,'refute','動詞\r','反論する、論破する'),(5615,'regimen','名詞\r','摂生、養生法'),(5616,'relish','動詞\r','楽しむ、好む'),(5617,'remnant','名詞\r','残り、残骸、名残'),(5618,'renitent','形容詞\r','頑固に反抗する、手に負えない'),(5619,'repository','名詞\r','貯蔵所'),(5620,'reprise','名詞\r','反復'),(5621,'repudiate','動詞\r','退ける、否認する、拒絶する'),(5622,'reticent','形容詞\r','控えめな'),(5623,'retrench','動詞\r','削減する'),(5624,'reverie','名詞\r','空想、幻想'),(5625,'revile','動詞\r','ののしる'),(5626,'revolt','名詞\r','反乱、暴動'),(5627,'revulsion','名詞\r','嫌悪、憎悪'),(5628,'rickety','形容詞\r','がたのきた、壊れそうな'),(5629,'riddance','名詞\r','厄介払い'),(5630,'rigor','名詞\r','厳しさ'),(5631,'roast','動詞\r','酷評する、こきおろす'),(5632,'rostrum','名詞\r','演壇'),(5633,'rout','名詞\r','敗走'),(5634,'rumble','動詞\r','ガラガラ音を立てて進む'),(5635,'run　amok','動詞\r','暴れまわる、怒り狂う'),(5636,'ruse','名詞\r','計略、策略'),(5637,'see about','熟語\r','～になるように手を打つ'),(5638,'spoils','形容詞\r','無気力な'),(5639,'squabble','名詞\r','慰め'),(5640,'stakeout','動詞\r','眠気を催させる'),(5641,'stalemate','形容詞\r','少し'),(5642,'stanch','動詞\r','悪化する'),(5643,'startle','名詞\r','亡霊、恐ろしいもの'),(5644,'staunch','名詞\r','利権、役得'),(5645,'stench','名詞\r','口論'),(5646,'stifle','名詞\r','張り込み'),(5647,'stodgy','動詞\r','行き詰まり'),(5648,'stolid','動詞\r','歯止めをかける'),(5649,'streak','形容詞\r','信頼できる、しっかりした'),(5650,'stricture','名詞\r','悪臭'),(5651,'strident','動詞\r','鎮圧する、抑圧する、妨げる'),(5652,'strive','形容詞\r','古臭い、退屈な、野暮ったい'),(5653,'stroll','形容詞\r','鈍感な'),(5654,'stymie','名詞\r','緊張、重圧'),(5655,'suave','名詞\r','傾向、気味、連続'),(5656,'subterfuge','形容詞\r','不快な、耳障りな'),(5657,'subterranean','動詞\r','努力する、奮闘する'),(5658,'succumb','動詞\r','ぶらつく、散歩する'),(5659,'supple','動詞\r','妨害する、挫折させる'),(5660,'surreal','形容詞\r','優しい、上品な、甘い'),(5661,'swagger','名詞\r','クモ膜下出血'),(5662,'swerve','形容詞\r','地下の'),(5663,'swill','名詞\r','口実、ごまかし'),(5664,'swirl','形容詞\r','柔軟な、順応性のある'),(5665,'synthesis','形容詞\r','超現実的な'),(5666,'syphilis','動詞\r','いばって歩く、尊大に振舞う'),(5667,'tacit','動詞\r','それる、逸脱する'),(5668,'tack','動詞\r','がぶがぶ飲む、がつがつ食う'),(5669,'tacky','動詞\r','だまし取る'),(5670,'take issue with','熟語\r','意見に異議をとなえる'),(5671,'tally','動詞\r','渦巻く'),(5672,'tarnished','名詞\r','総合'),(5673,'taste like','熟語\r','～と同じ味がする'),(5674,'taunt','形容詞\r','[名誉など]汚れた、変色した、錆びた'),(5675,'tawdry','動詞\r','あざける、なじる'),(5676,'tedium','形容詞\r','けばけばしい、安っぽい'),(5677,'teem','名詞\r','退屈'),(5678,'tempest','形容詞\r','あふれている、富む'),(5679,'terrain','名詞\r','大騒ぎ、大混乱、動乱'),(5680,'thicket','名詞\r','地形、地勢、領域'),(5681,'thoroughfare','名詞\r','もつれ'),(5682,'throne','名詞\r','大通り'),(5683,'thrust','名詞\r','王位'),(5684,'thwart','動詞\r','突き出す、押し付ける'),(5685,'tiresome','動詞\r','邪魔をする、挫折させる'),(5686,'to be sure','熟語\r','確かに'),(5687,'to my knowledge','熟語\r','私の知る限りでは'),(5688,'toil','形容詞\r','うんざりする、厄介な'),(5689,'tony','名詞\r','骨折る、苦労'),(5690,'torrent','形容詞\r','粋な、しゃれた'),(5691,'totter','名詞\r','奔流、連発、続出'),(5692,'tout','動詞\r','よろめく、ぐらつく'),(5693,'treadmill','動詞\r','売り込む、宣伝する、ほめちぎる'),(5694,'trickle','名詞\r','単調な仕事、単調な繰り返し'),(5695,'trounce','名詞\r','少数、少量'),(5696,'ulcer','動詞\r','打ち負かす'),(5697,'umbrage','名詞\r','立腹'),(5698,'unflinching','形容詞\r','断固たる、ひるまない'),(5699,'unintelligible','形容詞\r','理解できない'),(5700,'unstable','形容詞\r','不安定な; 変りやすい; 【化】(化合物が)分解しやすい'),(5701,'unstinting','形容詞\r','惜しみない'),(5702,'unsuitable','形容詞\r','不適当な、不似合いの ((for, to)).'),(5703,'untidy','形容詞\r','きちんとしない、乱雑な.'),(5704,'unvarnished','形容詞\r','飾らない、率直な'),(5705,'unwilling','形容詞\r','気が進まない、いやいやながらの; …する気がない ((to do)).'),(5706,'up and around','熟語\r','(元気になって)歩きまわっている'),(5707,'up in the air','熟語\r','未決定で'),(5708,'upset','動詞\r','(～; -tt-) ひっくり返す; (計画などを)だめにする; 気を転倒させる; (胃など)体をこわす; 打負かす'),(5709,'usher','名詞\r','(教会・劇場などの)案内係; 門衛、受付; 廷吏; 〔古〕 助教師.'),(5710,'valid','形容詞\r','(根拠の)確実な正当な; 妥当な;'),(5711,'vandal','名詞\r','心なき破壊者'),(5712,'vanquish','動詞\r','打ち負かす、克服する'),(5713,'vehement','形容詞\r','熱情的な、熱烈な; 激しい'),(5714,'vendetta','名詞\r','血の復讐、敵討ち'),(5715,'venereal　disease','名詞\r','性病'),(5716,'vengeance','名詞\r','復讐、仕返し、敵討ち'),(5717,'vengeance','名詞\r','復讐(ふくしゅう)、仕返し'),(5718,'verge','名詞\r','端、縁; 〔英〕 道路わきの草地; (花壇などの)へり取り; (the ～) 間際、境界、限界; 権杖.'),(5719,'vernacular','名詞\r','自国語; 地方語, お国ことば; (職業上の)専門語; (動植物の)俗名.'),(5720,'vertical','名詞\r','垂直の (horizontalの対); 直立した, 縦の; 【数】頂点の; 【天文】天頂の; 【解】頭頂の; 【経済】(生産・販売の全過程で)縦に連ねた.'),(5721,'vessel','名詞\r','容器、入れ物; (大型の)船; 航空機; 【解・生物】導管、脈管; 【聖】(神の怒りや恵みを受ける器としての)人 (～s of wrath 神の怒りを受くべき人々; the weaker ～ 女性).'),(5722,'vestige','名詞\r','痕跡、跡'),(5723,'vibrant','形容詞\r','刺激的な、活気のある'),(5724,'vicinity','名詞\r','近所、近辺; 近接 ((of, to)).'),(5725,'vie','動詞\r','競う'),(5726,'vile','動詞\r','けなす、中傷する'),(5727,'vilify','形容詞\r','不快な、堕落した、下劣な、卑劣な'),(5728,'virility','名詞\r','男らしさ'),(5729,'virtual','形容詞\r','事実上の、実質上の; 【コンピュータ】仮想の.'),(5730,'virulent','形容詞\r','毒のある、しんらつな、悪性の'),(5731,'visceral','形容詞\r','感情的な、心の底からの'),(5732,'wallow','動詞\r','のたうつ、もがく'),(5733,'wayward','形容詞\r','わがままな; 片意地な; 気まぐれな; 不安定な.'),(5734,'weasel','動詞\r','回避する、言い逃れする'),(5735,'whim','名詞\r','気まぐれ、むら気'),(5736,'whittle','動詞\r','(ナイフで木を)削る ((away, down)); 削って形を整える、刻む; 削減する.'),(5737,'whore','名詞\r','売春婦'),(5738,'wicked','形容詞\r','悪い、邪悪な、罪深い; 意地悪い; いたずらな; 危険な; 〔話〕 ひどい、いやな; 〔俗〕 素晴らしい'),(5739,'wither','動詞\r','しぼむ、しおれる、枯れる ((up)); (愛情が)弱まる、衰える ((away)).'),(5740,'woeful','形容詞\r','悲しみに満ちた、哀れな; ひどい、なさけない'),(5741,'wrangle','名詞\r','激怒'),(5742,'wrangle','動詞\r','(大声で)口論［議論］する; 牧場で(馬などの)世話をする.'),(5743,'wrapper','名詞\r','包む人［もの］; 包み紙; 帯封; (本の)カバー; ゆるい部屋着、化粧着'),(5744,'wrath','動詞\r','口論する'),(5745,'wring','動詞\r','(wrung) 絞る ((out)); (鳥の首などを)ひねる; (水を)絞り取る ((from, out of)); 搾取する、むりやり取る ((from, out; out of)); ぎゅっと握る; 苦しめる.'),(5746,'writ','名詞\r','令'),(5747,'xenophobia','名詞\r','外国人恐怖症'),(5748,'xylophone','名詞\r','木琴、シロホン'),(5749,'yearn','動詞\r','あこがれる、慕う ((for, after)); 懐かしく思う ((to, toward)); 同情する ((for, over, to, toward)); しきりに…したがる ((to do)).'),(5750,'zany','名詞\r','道化役[の]、滑稽な、ばか者'),(5751,'zest','名詞','妙味、趣; 強い興味、熱情 ((for)); 風味(を添える物)、レモン［オレンジ］の皮.');
/*!40000 ALTER TABLE `word` ENABLE KEYS */;
UNLOCK TABLES;

--
-- Table structure for table `wordbook`
--

DROP TABLE IF EXISTS `wordbook`;
/*!40101 SET @saved_cs_client     = @@character_set_client */;
 SET character_set_client = utf8mb4 ;
CREATE TABLE `wordbook` (
  `id` int(11) NOT NULL AUTO_INCREMENT,
  `adding_word` varchar(255) NOT NULL,
  `created_at` datetime(6) NOT NULL,
  `user_id` int(11) NOT NULL,
  `word_id` int(11) NOT NULL,
  `understanding_level` int(10) unsigned NOT NULL,
  PRIMARY KEY (`id`),
  KEY `wordbook_user_id_ebed97fd_fk_usermanager_user_id` (`user_id`),
  KEY `wordbook_word_id_58c02e46_fk_word_id` (`word_id`),
  CONSTRAINT `wordbook_user_id_ebed97fd_fk_usermanager_user_id` FOREIGN KEY (`user_id`) REFERENCES `usermanager` (`user_id`),
  CONSTRAINT `wordbook_word_id_58c02e46_fk_word_id` FOREIGN KEY (`word_id`) REFERENCES `word` (`id`)
) ENGINE=InnoDB AUTO_INCREMENT=85 DEFAULT CHARSET=utf8;
/*!40101 SET character_set_client = @saved_cs_client */;

--
-- Dumping data for table `wordbook`
--

LOCK TABLES `wordbook` WRITE;
/*!40000 ALTER TABLE `wordbook` DISABLE KEYS */;
INSERT INTO `wordbook` VALUES (2,'important','2018-11-08 07:30:30.883302',1,510,0),(19,'show','2018-11-09 03:34:49.828297',2,859,0),(20,'book','2018-11-09 03:34:55.179615',2,114,0),(51,'show','2018-11-11 09:44:45.784599',1,859,0),(52,'account','2018-11-11 09:44:50.460191',1,13,0),(53,'great','2018-11-11 10:12:11.231337',1,460,0),(55,'adhere to','2018-11-11 10:12:28.274419',1,20,0),(56,'wrath','2018-11-11 10:14:56.711244',1,5744,0),(57,'treadmill','2018-11-11 10:15:09.213852',1,5693,0),(58,'tout','2018-11-11 10:15:17.849801',1,5692,0),(59,'throne','2018-11-11 10:15:24.972630',1,5682,0),(60,'tawdry','2018-11-11 10:15:33.136334',1,5675,0),(61,'tempest','2018-11-11 10:16:44.201781',1,5678,0),(62,'tally','2018-11-11 10:16:53.583711',1,5671,0),(63,'take issue with','2018-11-11 10:17:01.394379',1,5670,0),(64,'swirl','2018-11-11 10:17:10.233598',1,5664,0),(67,'imply','2018-11-11 12:08:54.425294',1,509,0),(68,'in a small way','2018-11-11 12:09:48.744417',1,5444,0),(69,'impetus','2018-11-11 12:09:57.061049',1,5439,0),(70,'implicit','2018-11-11 12:10:09.151783',1,2485,0),(71,'impede','2018-11-11 12:10:18.991285',1,2475,0),(72,'give out','2018-11-11 12:10:24.681615',1,5399,0),(73,'flunk','2018-11-11 12:10:39.115661',1,2197,0),(74,'flaw','2018-11-11 12:10:46.356826',1,2186,0),(75,'faculty','2018-11-11 12:10:52.903332',1,2137,0),(76,'equity','2018-11-11 12:11:02.525411',1,5327,0),(77,'equation','2018-11-11 12:11:18.805020',1,5325,0),(78,'elect','2018-11-11 12:11:27.442836',1,346,0),(79,'distract','2018-11-11 12:11:52.394649',1,1944,0),(80,'devout','2018-11-11 12:12:05.736140',1,5274,0),(81,'delivery','2018-11-11 12:12:12.637854',1,5260,0),(82,'damn','2018-11-11 12:12:26.829219',1,1778,0),(83,'conjure','2018-11-11 12:12:40.291581',1,5211,0),(84,'blaze','2018-11-11 12:12:47.192310',1,4310,0);
/*!40000 ALTER TABLE `wordbook` ENABLE KEYS */;
UNLOCK TABLES;
/*!40103 SET TIME_ZONE=@OLD_TIME_ZONE */;

/*!40101 SET SQL_MODE=@OLD_SQL_MODE */;
/*!40014 SET FOREIGN_KEY_CHECKS=@OLD_FOREIGN_KEY_CHECKS */;
/*!40014 SET UNIQUE_CHECKS=@OLD_UNIQUE_CHECKS */;
/*!40101 SET CHARACTER_SET_CLIENT=@OLD_CHARACTER_SET_CLIENT */;
/*!40101 SET CHARACTER_SET_RESULTS=@OLD_CHARACTER_SET_RESULTS */;
/*!40101 SET COLLATION_CONNECTION=@OLD_COLLATION_CONNECTION */;
/*!40111 SET SQL_NOTES=@OLD_SQL_NOTES */;

-- Dump completed on 2018-11-15 17:23:53
